year,region,siniestros_por_causa__desacato_de_senal_de_transito,siniestros_por_causa__desacato_de_senal_de_transito_de_parte_del_conductor,siniestros_por_causa__desacato_de_senal_de_transito_de_parte_del_peaton,siniestros_por_causa__ebriedad_del_condutor,siniestros_por_causa__ebriedad_del_peaton,siniestros_por_causa__exceso_de_carga,siniestros_por_causa__exceso_de_velocidad,siniestros_por_causa__factor_ambiental,siniestros_por_causa__falla_de_luces,siniestros_por_causa__falla_mecanica,siniestros_por_causa__falta_de_luces,siniestros_por_causa__imprudencia_del_conductor,siniestros_por_causa__imprudencia_del_pasajero,siniestros_por_causa__imprudencia_del_peaton,siniestros_por_causa__invacion_de_carril,siniestros_por_causa__no_hay_certeza_de_la_causa,siniestros_por_causa__no_identifica_la_causa,siniestros_por_causa__otros,siniestros_por_causa__pista_en_mal_estado,siniestros_por_causa__senalizacion_defectuosa,siniestros_por_causa__vehiculo_mal_estacionado,siniestros_por_dia__domingo,siniestros_por_dia__jueves,siniestros_por_dia__lunes,siniestros_por_dia__martes,siniestros_por_dia__miercoles,siniestros_por_dia__sabado,siniestros_por_dia__viernes,siniestros_por_franja_horaria__00_01_a_02_00,siniestros_por_franja_horaria__02_00_a_08_00,siniestros_por_franja_horaria__02_01_a_04_00,siniestros_por_franja_horaria__04_01_a_06_00,siniestros_por_franja_horaria__06_01_a_08_00,siniestros_por_franja_horaria__08_00_a_14_00,siniestros_por_franja_horaria__08_01_a_10_00,siniestros_por_franja_horaria__10_01_a_12_00,siniestros_por_franja_horaria__12_01_a_14_00,siniestros_por_franja_horaria__14_00_a_20_00,siniestros_por_franja_horaria__14_01_a_16_00,siniestros_por_franja_horaria__16_01_a_18_00,siniestros_por_franja_horaria__18_01_a_20_00,siniestros_por_franja_horaria__20_00_a_02_00,siniestros_por_franja_horaria__20_01_a_22_00,siniestros_por_franja_horaria__22_01_a_24_00,siniestros_por_tipo__atropello,siniestros_por_tipo__atropello_y_fuga,siniestros_por_tipo__caida_de_pasajero,siniestros_por_tipo__choque,siniestros_por_tipo__choque_y_atropello,siniestros_por_tipo__choque_y_fuga,siniestros_por_tipo__colision,siniestros_por_tipo__colision_y_fuga,siniestros_por_tipo__despiste,siniestros_por_tipo__despiste_y_volcadura,siniestros_por_tipo__incendio,siniestros_por_tipo__otro,siniestros_por_tipo__volcadura,siniestros_rurales_victimas__heridos,siniestros_rurales_victimas__muertos,siniestros_total__total
2007,ABRIL,0.0,0.0,0.0,0.0,0.0,0.0,0.0,0.0,0.0,0.0,0.0,0.0,0.0,0.0,0.0,0.0,0.0,0.0,0.0,0.0,0.0,0.0,0.0,0.0,0.0,0.0,0.0,0.0,0.0,0.0,0.0,0.0,0.0,0.0,0.0,0.0,0.0,0.0,0.0,0.0,0.0,0.0,0.0,0.0,0.0,0.0,0.0,0.0,0.0,0.0,0.0,0.0,0.0,0.0,0.0,0.0,0.0,411.0,85.0,0.0
2007,AGOSTO,0.0,0.0,0.0,0.0,0.0,0.0,0.0,0.0,0.0,0.0,0.0,0.0,0.0,0.0,0.0,0.0,0.0,0.0,0.0,0.0,0.0,0.0,0.0,0.0,0.0,0.0,0.0,0.0,0.0,0.0,0.0,0.0,0.0,0.0,0.0,0.0,0.0,0.0,0.0,0.0,0.0,0.0,0.0,0.0,0.0,0.0,0.0,0.0,0.0,0.0,0.0,0.0,0.0,0.0,0.0,0.0,0.0,325.0,92.0,0.0
2007,DICIEMBRE,0.0,0.0,0.0,0.0,0.0,0.0,0.0,0.0,0.0,0.0,0.0,0.0,0.0,0.0,0.0,0.0,0.0,0.0,0.0,0.0,0.0,0.0,0.0,0.0,0.0,0.0,0.0,0.0,0.0,0.0,0.0,0.0,0.0,0.0,0.0,0.0,0.0,0.0,0.0,0.0,0.0,0.0,0.0,0.0,0.0,0.0,0.0,0.0,0.0,0.0,0.0,0.0,0.0,0.0,0.0,0.0,0.0,757.0,57.0,0.0
2007,ENERO,0.0,0.0,0.0,0.0,0.0,0.0,0.0,0.0,0.0,0.0,0.0,0.0,0.0,0.0,0.0,0.0,0.0,0.0,0.0,0.0,0.0,0.0,0.0,0.0,0.0,0.0,0.0,0.0,0.0,0.0,0.0,0.0,0.0,0.0,0.0,0.0,0.0,0.0,0.0,0.0,0.0,0.0,0.0,0.0,0.0,0.0,0.0,0.0,0.0,0.0,0.0,0.0,0.0,0.0,0.0,0.0,0.0,428.0,49.0,0.0
2007,FEBRERO,0.0,0.0,0.0,0.0,0.0,0.0,0.0,0.0,0.0,0.0,0.0,0.0,0.0,0.0,0.0,0.0,0.0,0.0,0.0,0.0,0.0,0.0,0.0,0.0,0.0,0.0,0.0,0.0,0.0,0.0,0.0,0.0,0.0,0.0,0.0,0.0,0.0,0.0,0.0,0.0,0.0,0.0,0.0,0.0,0.0,0.0,0.0,0.0,0.0,0.0,0.0,0.0,0.0,0.0,0.0,0.0,0.0,505.0,70.0,0.0
2007,JULIO,0.0,0.0,0.0,0.0,0.0,0.0,0.0,0.0,0.0,0.0,0.0,0.0,0.0,0.0,0.0,0.0,0.0,0.0,0.0,0.0,0.0,0.0,0.0,0.0,0.0,0.0,0.0,0.0,0.0,0.0,0.0,0.0,0.0,0.0,0.0,0.0,0.0,0.0,0.0,0.0,0.0,0.0,0.0,0.0,0.0,0.0,0.0,0.0,0.0,0.0,0.0,0.0,0.0,0.0,0.0,0.0,0.0,445.0,91.0,0.0
2007,JUNIO,0.0,0.0,0.0,0.0,0.0,0.0,0.0,0.0,0.0,0.0,0.0,0.0,0.0,0.0,0.0,0.0,0.0,0.0,0.0,0.0,0.0,0.0,0.0,0.0,0.0,0.0,0.0,0.0,0.0,0.0,0.0,0.0,0.0,0.0,0.0,0.0,0.0,0.0,0.0,0.0,0.0,0.0,0.0,0.0,0.0,0.0,0.0,0.0,0.0,0.0,0.0,0.0,0.0,0.0,0.0,0.0,0.0,417.0,87.0,0.0
2007,MARZO,0.0,0.0,0.0,0.0,0.0,0.0,0.0,0.0,0.0,0.0,0.0,0.0,0.0,0.0,0.0,0.0,0.0,0.0,0.0,0.0,0.0,0.0,0.0,0.0,0.0,0.0,0.0,0.0,0.0,0.0,0.0,0.0,0.0,0.0,0.0,0.0,0.0,0.0,0.0,0.0,0.0,0.0,0.0,0.0,0.0,0.0,0.0,0.0,0.0,0.0,0.0,0.0,0.0,0.0,0.0,0.0,0.0,376.0,56.0,0.0
2007,MAYO,0.0,0.0,0.0,0.0,0.0,0.0,0.0,0.0,0.0,0.0,0.0,0.0,0.0,0.0,0.0,0.0,0.0,0.0,0.0,0.0,0.0,0.0,0.0,0.0,0.0,0.0,0.0,0.0,0.0,0.0,0.0,0.0,0.0,0.0,0.0,0.0,0.0,0.0,0.0,0.0,0.0,0.0,0.0,0.0,0.0,0.0,0.0,0.0,0.0,0.0,0.0,0.0,0.0,0.0,0.0,0.0,0.0,435.0,50.0,0.0
2007,NOVIEMBRE,0.0,0.0,0.0,0.0,0.0,0.0,0.0,0.0,0.0,0.0,0.0,0.0,0.0,0.0,0.0,0.0,0.0,0.0,0.0,0.0,0.0,0.0,0.0,0.0,0.0,0.0,0.0,0.0,0.0,0.0,0.0,0.0,0.0,0.0,0.0,0.0,0.0,0.0,0.0,0.0,0.0,0.0,0.0,0.0,0.0,0.0,0.0,0.0,0.0,0.0,0.0,0.0,0.0,0.0,0.0,0.0,0.0,367.0,76.0,0.0
2007,OCTUBRE,0.0,0.0,0.0,0.0,0.0,0.0,0.0,0.0,0.0,0.0,0.0,0.0,0.0,0.0,0.0,0.0,0.0,0.0,0.0,0.0,0.0,0.0,0.0,0.0,0.0,0.0,0.0,0.0,0.0,0.0,0.0,0.0,0.0,0.0,0.0,0.0,0.0,0.0,0.0,0.0,0.0,0.0,0.0,0.0,0.0,0.0,0.0,0.0,0.0,0.0,0.0,0.0,0.0,0.0,0.0,0.0,0.0,521.0,89.0,0.0
2007,SETIEMBRE,0.0,0.0,0.0,0.0,0.0,0.0,0.0,0.0,0.0,0.0,0.0,0.0,0.0,0.0,0.0,0.0,0.0,0.0,0.0,0.0,0.0,0.0,0.0,0.0,0.0,0.0,0.0,0.0,0.0,0.0,0.0,0.0,0.0,0.0,0.0,0.0,0.0,0.0,0.0,0.0,0.0,0.0,0.0,0.0,0.0,0.0,0.0,0.0,0.0,0.0,0.0,0.0,0.0,0.0,0.0,0.0,0.0,479.0,57.0,0.0
2007,TOTAL,0.0,0.0,0.0,0.0,0.0,0.0,0.0,0.0,0.0,0.0,0.0,0.0,0.0,0.0,0.0,0.0,0.0,0.0,0.0,0.0,0.0,0.0,0.0,0.0,0.0,0.0,0.0,0.0,0.0,0.0,0.0,0.0,0.0,0.0,0.0,0.0,0.0,0.0,0.0,0.0,0.0,0.0,0.0,0.0,0.0,0.0,0.0,0.0,0.0,0.0,0.0,0.0,0.0,0.0,0.0,0.0,0.0,5466.0,859.0,0.0
2008,ABRIL,0.0,0.0,0.0,0.0,0.0,0.0,0.0,0.0,0.0,0.0,0.0,0.0,0.0,0.0,0.0,0.0,0.0,0.0,0.0,0.0,0.0,0.0,0.0,0.0,0.0,0.0,0.0,0.0,0.0,0.0,0.0,0.0,0.0,0.0,0.0,0.0,0.0,0.0,0.0,0.0,0.0,0.0,0.0,0.0,0.0,0.0,0.0,0.0,0.0,0.0,0.0,0.0,0.0,0.0,0.0,0.0,0.0,141.0,66.0,0.0
2008,AMAZONAS,0.0,0.0,0.0,24.0,0.0,18.0,45.0,0.0,5.0,32.0,0.0,70.0,0.0,8.0,0.0,0.0,0.0,16.0,15.0,38.0,0.0,16.0,30.0,55.0,55.0,46.0,37.0,32.0,0.0,34.0,0.0,0.0,0.0,38.0,0.0,0.0,0.0,79.0,0.0,0.0,0.0,69.0,0.0,0.0,59.0,11.0,3.0,61.0,0.0,21.0,0.0,0.0,0.0,0.0,7.0,100.0,9.0,0.0,0.0,271.0
2008,ANCASH,30.0,0.0,0.0,328.0,0.0,17.0,419.0,0.0,2.0,32.0,0.0,456.0,56.0,205.0,0.0,0.0,0.0,26.0,36.0,9.0,0.0,335.0,144.0,139.0,114.0,135.0,440.0,309.0,0.0,332.0,0.0,0.0,0.0,604.0,0.0,0.0,0.0,641.0,0.0,0.0,0.0,686.0,0.0,0.0,214.0,248.0,76.0,755.0,0.0,113.0,0.0,0.0,0.0,0.0,4.0,60.0,146.0,0.0,0.0,1616.0
2008,APURIMAC,0.0,0.0,0.0,82.0,0.0,0.0,148.0,0.0,0.0,12.0,0.0,96.0,0.0,74.0,0.0,0.0,0.0,10.0,6.0,0.0,0.0,33.0,46.0,122.0,39.0,79.0,30.0,79.0,0.0,32.0,0.0,0.0,0.0,69.0,0.0,0.0,0.0,37.0,0.0,0.0,0.0,45.0,0.0,0.0,232.0,13.0,6.0,137.0,0.0,13.0,0.0,0.0,0.0,0.0,0.0,3.0,24.0,0.0,0.0,428.0
2008,AREQUIPA,52.0,0.0,0.0,467.0,0.0,15.0,1355.0,0.0,8.0,91.0,0.0,2474.0,164.0,622.0,0.0,0.0,0.0,245.0,67.0,34.0,0.0,791.0,740.0,829.0,706.0,699.0,967.0,862.0,0.0,707.0,0.0,0.0,0.0,1672.0,0.0,0.0,0.0,1772.0,0.0,0.0,0.0,1142.0,0.0,0.0,1354.0,218.0,332.0,2502.0,0.0,508.0,0.0,0.0,0.0,0.0,31.0,507.0,142.0,0.0,0.0,5594.0
2008,AYACUCHO,12.0,0.0,0.0,97.0,0.0,27.0,187.0,0.0,9.0,53.0,0.0,248.0,35.0,55.0,0.0,0.0,0.0,18.0,7.0,4.0,0.0,108.0,128.0,53.0,70.0,50.0,150.0,193.0,0.0,108.0,0.0,0.0,0.0,128.0,0.0,0.0,0.0,218.0,0.0,0.0,0.0,159.0,0.0,0.0,164.0,45.0,25.0,157.0,0.0,239.0,0.0,0.0,0.0,0.0,1.0,79.0,42.0,0.0,0.0,752.0
2008,CAJAMARCA,77.0,0.0,0.0,384.0,0.0,47.0,792.0,0.0,45.0,123.0,0.0,576.0,101.0,267.0,0.0,0.0,0.0,453.0,169.0,36.0,0.0,425.0,360.0,503.0,365.0,366.0,521.0,530.0,0.0,592.0,0.0,0.0,0.0,1123.0,0.0,0.0,0.0,919.0,0.0,0.0,0.0,956.0,0.0,0.0,434.0,177.0,68.0,1017.0,0.0,662.0,0.0,0.0,0.0,0.0,2.0,505.0,205.0,0.0,0.0,3070.0
2008,CALLAO,22.0,0.0,0.0,246.0,0.0,21.0,1366.0,0.0,16.0,118.0,0.0,790.0,90.0,300.0,0.0,0.0,0.0,241.0,57.0,32.0,0.0,325.0,405.0,475.0,289.0,374.0,747.0,684.0,0.0,380.0,0.0,0.0,0.0,1009.0,0.0,0.0,0.0,945.0,0.0,0.0,0.0,778.0,0.0,0.0,946.0,200.0,102.0,1401.0,0.0,328.0,0.0,0.0,0.0,0.0,5.0,221.0,96.0,0.0,0.0,3299.0
2008,CUSCO,15.0,0.0,0.0,311.0,0.0,31.0,650.0,0.0,14.0,86.0,0.0,831.0,72.0,327.0,0.0,0.0,0.0,110.0,54.0,13.0,0.0,304.0,326.0,350.0,317.0,325.0,480.0,412.0,0.0,255.0,0.0,0.0,0.0,525.0,0.0,0.0,0.0,587.0,0.0,0.0,0.0,407.0,0.0,0.0,666.0,169.0,90.0,958.0,0.0,312.0,0.0,0.0,0.0,0.0,16.0,163.0,140.0,0.0,0.0,2514.0
2008,ENERO,0.0,0.0,0.0,0.0,0.0,0.0,0.0,0.0,0.0,0.0,0.0,0.0,0.0,0.0,0.0,0.0,0.0,0.0,0.0,0.0,0.0,0.0,0.0,0.0,0.0,0.0,0.0,0.0,0.0,0.0,0.0,0.0,0.0,0.0,0.0,0.0,0.0,0.0,0.0,0.0,0.0,0.0,0.0,0.0,0.0,0.0,0.0,0.0,0.0,0.0,0.0,0.0,0.0,0.0,0.0,0.0,0.0,569.0,75.0,0.0
2008,FEBRERO,0.0,0.0,0.0,0.0,0.0,0.0,0.0,0.0,0.0,0.0,0.0,0.0,0.0,0.0,0.0,0.0,0.0,0.0,0.0,0.0,0.0,0.0,0.0,0.0,0.0,0.0,0.0,0.0,0.0,0.0,0.0,0.0,0.0,0.0,0.0,0.0,0.0,0.0,0.0,0.0,0.0,0.0,0.0,0.0,0.0,0.0,0.0,0.0,0.0,0.0,0.0,0.0,0.0,0.0,0.0,0.0,0.0,487.0,55.0,0.0
2008,HUANCAVELICA,0.0,0.0,0.0,7.0,0.0,0.0,10.0,0.0,0.0,4.0,0.0,19.0,0.0,1.0,0.0,0.0,0.0,1.0,4.0,1.0,0.0,6.0,7.0,3.0,5.0,3.0,15.0,8.0,0.0,5.0,0.0,0.0,0.0,15.0,0.0,0.0,0.0,23.0,0.0,0.0,0.0,13.0,0.0,0.0,10.0,0.0,0.0,13.0,0.0,0.0,0.0,0.0,0.0,0.0,0.0,15.0,9.0,0.0,0.0,47.0
2008,HUÁNUCO,1.0,0.0,0.0,63.0,0.0,1.0,122.0,0.0,3.0,21.0,0.0,151.0,16.0,48.0,0.0,0.0,0.0,23.0,13.0,0.0,0.0,67.0,68.0,53.0,36.0,44.0,88.0,100.0,0.0,108.0,0.0,0.0,0.0,196.0,0.0,0.0,0.0,180.0,0.0,0.0,0.0,189.0,0.0,0.0,97.0,18.0,14.0,231.0,0.0,42.0,0.0,0.0,0.0,0.0,2.0,36.0,22.0,0.0,0.0,462.0
2008,ICA,4.0,0.0,0.0,102.0,0.0,1.0,483.0,0.0,0.0,21.0,0.0,589.0,6.0,130.0,0.0,0.0,0.0,46.0,21.0,1.0,0.0,221.0,193.0,192.0,185.0,175.0,228.0,210.0,0.0,181.0,0.0,0.0,0.0,485.0,0.0,0.0,0.0,524.0,0.0,0.0,0.0,295.0,0.0,0.0,272.0,84.0,13.0,694.0,0.0,196.0,0.0,0.0,0.0,0.0,1.0,78.0,66.0,0.0,0.0,1404.0
2008,JUNIN,36.0,0.0,0.0,169.0,0.0,19.0,588.0,0.0,8.0,54.0,0.0,583.0,18.0,125.0,0.0,0.0,0.0,276.0,13.0,0.0,0.0,382.0,204.0,208.0,226.0,172.0,394.0,303.0,0.0,349.0,0.0,0.0,0.0,468.0,0.0,0.0,0.0,540.0,0.0,0.0,0.0,462.0,0.0,0.0,461.0,114.0,56.0,773.0,0.0,207.0,0.0,0.0,0.0,0.0,32.0,168.0,78.0,0.0,0.0,1889.0
2008,JUNIO,0.0,0.0,0.0,0.0,0.0,0.0,0.0,0.0,0.0,0.0,0.0,0.0,0.0,0.0,0.0,0.0,0.0,0.0,0.0,0.0,0.0,0.0,0.0,0.0,0.0,0.0,0.0,0.0,0.0,0.0,0.0,0.0,0.0,0.0,0.0,0.0,0.0,0.0,0.0,0.0,0.0,0.0,0.0,0.0,0.0,0.0,0.0,0.0,0.0,0.0,0.0,0.0,0.0,0.0,0.0,0.0,0.0,395.0,46.0,0.0
2008,LA LIBERTAD,62.0,0.0,0.0,318.0,0.0,28.0,1364.0,0.0,81.0,168.0,0.0,1072.0,123.0,462.0,0.0,0.0,0.0,138.0,122.0,82.0,0.0,571.0,466.0,745.0,574.0,449.0,645.0,576.0,0.0,585.0,0.0,0.0,0.0,1084.0,0.0,0.0,0.0,983.0,0.0,0.0,0.0,973.0,0.0,0.0,848.0,170.0,134.0,1816.0,0.0,677.0,0.0,0.0,0.0,0.0,7.0,262.0,106.0,0.0,0.0,4020.0
2008,LAMBAYEQUE,0.0,0.0,0.0,63.0,0.0,0.0,160.0,0.0,1.0,31.0,0.0,259.0,3.0,50.0,0.0,0.0,0.0,12.0,18.0,0.0,0.0,103.0,66.0,93.0,85.0,94.0,74.0,82.0,0.0,119.0,0.0,0.0,0.0,318.0,0.0,0.0,0.0,297.0,0.0,0.0,0.0,175.0,0.0,0.0,96.0,25.0,5.0,340.0,0.0,16.0,0.0,0.0,0.0,0.0,3.0,1.0,111.0,0.0,0.0,597.0
2008,LIMA,1156.0,0.0,0.0,4860.0,0.0,390.0,15959.0,0.0,453.0,1442.0,0.0,12127.0,1678.0,4133.0,0.0,0.0,0.0,9085.0,792.0,609.0,0.0,6027.0,7307.0,6850.0,6366.0,6734.0,9930.0,9470.0,0.0,7747.0,0.0,0.0,0.0,15992.0,0.0,0.0,0.0,15624.0,0.0,0.0,0.0,13553.0,0.0,0.0,11484.0,2711.0,1933.0,22532.0,0.0,7927.0,0.0,0.0,0.0,0.0,260.0,4738.0,1099.0,0.0,0.0,52684.0
2008,LORETO,9.0,0.0,0.0,242.0,0.0,22.0,288.0,0.0,8.0,37.0,0.0,330.0,32.0,64.0,0.0,0.0,0.0,5.0,25.0,19.0,0.0,173.0,149.0,130.0,102.0,121.0,229.0,177.0,0.0,158.0,0.0,0.0,0.0,308.0,0.0,0.0,0.0,346.0,0.0,0.0,0.0,280.0,0.0,0.0,225.0,118.0,24.0,479.0,0.0,164.0,0.0,0.0,0.0,0.0,6.0,49.0,16.0,0.0,0.0,1081.0
2008,MADRE DE DIOS,2.0,0.0,0.0,24.0,0.0,11.0,20.0,0.0,5.0,9.0,0.0,11.0,9.0,8.0,0.0,0.0,0.0,3.0,9.0,1.0,0.0,8.0,7.0,6.0,5.0,14.0,38.0,34.0,0.0,5.0,0.0,0.0,0.0,21.0,0.0,0.0,0.0,26.0,0.0,0.0,0.0,24.0,0.0,0.0,32.0,13.0,27.0,18.0,0.0,3.0,0.0,0.0,0.0,0.0,11.0,4.0,4.0,0.0,0.0,112.0
2008,MARZO,0.0,0.0,0.0,0.0,0.0,0.0,0.0,0.0,0.0,0.0,0.0,0.0,0.0,0.0,0.0,0.0,0.0,0.0,0.0,0.0,0.0,0.0,0.0,0.0,0.0,0.0,0.0,0.0,0.0,0.0,0.0,0.0,0.0,0.0,0.0,0.0,0.0,0.0,0.0,0.0,0.0,0.0,0.0,0.0,0.0,0.0,0.0,0.0,0.0,0.0,0.0,0.0,0.0,0.0,0.0,0.0,0.0,540.0,86.0,0.0
2008,MAYO,0.0,0.0,0.0,0.0,0.0,0.0,0.0,0.0,0.0,0.0,0.0,0.0,0.0,0.0,0.0,0.0,0.0,0.0,0.0,0.0,0.0,0.0,0.0,0.0,0.0,0.0,0.0,0.0,0.0,0.0,0.0,0.0,0.0,0.0,0.0,0.0,0.0,0.0,0.0,0.0,0.0,0.0,0.0,0.0,0.0,0.0,0.0,0.0,0.0,0.0,0.0,0.0,0.0,0.0,0.0,0.0,0.0,317.0,61.0,0.0
2008,MOQUEGUA,0.0,0.0,0.0,43.0,0.0,0.0,131.0,0.0,0.0,14.0,0.0,156.0,5.0,17.0,0.0,0.0,0.0,178.0,8.0,2.0,0.0,101.0,65.0,75.0,74.0,64.0,87.0,88.0,0.0,135.0,0.0,0.0,0.0,160.0,0.0,0.0,0.0,225.0,0.0,0.0,0.0,134.0,0.0,0.0,116.0,28.0,21.0,224.0,0.0,79.0,0.0,0.0,0.0,0.0,2.0,59.0,25.0,0.0,0.0,554.0
2008,PASCO,0.0,0.0,0.0,13.0,0.0,0.0,24.0,0.0,0.0,2.0,0.0,25.0,3.0,5.0,0.0,0.0,0.0,9.0,9.0,0.0,0.0,11.0,14.0,11.0,13.0,10.0,18.0,13.0,0.0,32.0,0.0,0.0,0.0,42.0,0.0,0.0,0.0,73.0,0.0,0.0,0.0,58.0,0.0,0.0,18.0,4.0,1.0,42.0,0.0,5.0,0.0,0.0,0.0,0.0,2.0,15.0,3.0,0.0,0.0,90.0
2008,PIURA,15.0,0.0,0.0,189.0,0.0,52.0,433.0,0.0,32.0,94.0,0.0,328.0,134.0,202.0,0.0,0.0,0.0,80.0,24.0,10.0,0.0,207.0,177.0,235.0,183.0,103.0,360.0,328.0,0.0,266.0,0.0,0.0,0.0,419.0,0.0,0.0,0.0,506.0,0.0,0.0,0.0,394.0,0.0,0.0,358.0,105.0,21.0,655.0,0.0,298.0,0.0,0.0,0.0,0.0,0.0,70.0,86.0,0.0,0.0,1593.0
2008,PUNO,13.0,0.0,0.0,81.0,0.0,6.0,267.0,0.0,15.0,59.0,0.0,284.0,24.0,74.0,0.0,0.0,0.0,81.0,15.0,10.0,0.0,121.0,134.0,148.0,121.0,122.0,140.0,143.0,0.0,140.0,0.0,0.0,0.0,273.0,0.0,0.0,0.0,303.0,0.0,0.0,0.0,215.0,0.0,0.0,174.0,70.0,26.0,299.0,0.0,209.0,0.0,0.0,0.0,0.0,0.0,93.0,58.0,0.0,0.0,929.0
2008,SAN MARTÍN,5.0,0.0,0.0,51.0,0.0,1.0,163.0,0.0,1.0,9.0,0.0,118.0,11.0,12.0,0.0,0.0,0.0,7.0,3.0,1.0,0.0,40.0,59.0,25.0,50.0,54.0,82.0,72.0,0.0,93.0,0.0,0.0,0.0,110.0,0.0,0.0,0.0,166.0,0.0,0.0,0.0,122.0,0.0,0.0,81.0,20.0,1.0,184.0,0.0,37.0,0.0,0.0,0.0,0.0,0.0,19.0,40.0,0.0,0.0,382.0
2008,TACNA,3.0,0.0,0.0,56.0,0.0,0.0,52.0,0.0,0.0,3.0,0.0,91.0,2.0,30.0,0.0,0.0,0.0,6.0,0.0,0.0,0.0,31.0,30.0,29.0,30.0,42.0,41.0,40.0,0.0,175.0,0.0,0.0,0.0,253.0,0.0,0.0,0.0,281.0,0.0,0.0,0.0,328.0,0.0,0.0,54.0,22.0,8.0,113.0,0.0,26.0,0.0,0.0,0.0,0.0,0.0,17.0,3.0,0.0,0.0,243.0
2008,TOTAL,1602.0,0.0,0.0,8536.0,0.0,738.0,25543.0,0.0,715.0,2547.0,0.0,22165.0,2590.0,7332.0,0.0,0.0,0.0,11143.0,1505.0,921.0,0.0,10699.0,11325.0,11517.0,10158.0,10457.0,16124.0,15057.0,0.0,12721.0,0.0,0.0,0.0,25702.0,0.0,0.0,0.0,25738.0,0.0,0.0,0.0,21865.0,0.0,0.0,18718.0,4639.0,3011.0,36326.0,0.0,12266.0,0.0,0.0,0.0,0.0,395.0,7359.0,2623.0,2449.0,389.0,0.0
2008,TOTAL ANUAL,0.0,0.0,0.0,0.0,0.0,0.0,85337.0,0.0,0.0,0.0,0.0,0.0,0.0,0.0,0.0,0.0,0.0,0.0,0.0,0.0,0.0,0.0,0.0,85337.0,0.0,0.0,0.0,0.0,0.0,0.0,0.0,0.0,0.0,86026.0,0.0,0.0,0.0,0.0,0.0,0.0,0.0,0.0,0.0,0.0,85337.0,0.0,0.0,0.0,0.0,0.0,0.0,0.0,0.0,0.0,0.0,0.0,0.0,0.0,0.0,0.0
2008,TOTAL SINIESTROS DE TRÁNSITO,0.0,0.0,0.0,0.0,0.0,0.0,0.0,0.0,0.0,0.0,0.0,0.0,0.0,0.0,0.0,0.0,0.0,0.0,0.0,0.0,0.0,0.0,0.0,0.0,0.0,0.0,0.0,0.0,0.0,0.0,0.0,0.0,0.0,0.0,0.0,0.0,0.0,0.0,0.0,0.0,0.0,0.0,0.0,0.0,0.0,0.0,0.0,0.0,0.0,0.0,0.0,0.0,0.0,0.0,0.0,0.0,0.0,0.0,0.0,85337.0
2008,TUMBES,8.0,0.0,0.0,23.0,0.0,29.0,39.0,0.0,5.0,13.0,0.0,98.0,3.0,23.0,0.0,0.0,0.0,66.0,2.0,0.0,0.0,50.0,45.0,38.0,54.0,33.0,60.0,29.0,0.0,27.0,0.0,0.0,0.0,63.0,0.0,0.0,0.0,117.0,0.0,0.0,0.0,88.0,0.0,0.0,54.0,13.0,4.0,159.0,0.0,38.0,0.0,0.0,0.0,0.0,2.0,26.0,13.0,0.0,0.0,309.0
2008,UCAYALI,80.0,0.0,0.0,293.0,0.0,2.0,478.0,0.0,4.0,19.0,0.0,383.0,5.0,90.0,0.0,0.0,0.0,8.0,16.0,19.0,0.0,243.0,155.0,150.0,94.0,149.0,323.0,283.0,0.0,156.0,0.0,0.0,0.0,327.0,0.0,0.0,0.0,326.0,0.0,0.0,0.0,320.0,0.0,0.0,269.0,43.0,21.0,766.0,0.0,146.0,0.0,0.0,0.0,0.0,1.0,71.0,80.0,0.0,0.0,1397.0
2009,ABRIL,0.0,0.0,0.0,0.0,0.0,0.0,0.0,0.0,0.0,0.0,0.0,0.0,0.0,0.0,0.0,0.0,0.0,0.0,0.0,0.0,0.0,0.0,0.0,0.0,0.0,0.0,0.0,0.0,0.0,0.0,0.0,0.0,0.0,0.0,0.0,0.0,0.0,0.0,0.0,0.0,0.0,0.0,0.0,0.0,0.0,0.0,0.0,0.0,0.0,0.0,0.0,0.0,0.0,0.0,0.0,0.0,0.0,427.0,59.0,0.0
2009,AGOSTO,0.0,0.0,0.0,0.0,0.0,0.0,0.0,0.0,0.0,0.0,0.0,0.0,0.0,0.0,0.0,0.0,0.0,0.0,0.0,0.0,0.0,0.0,0.0,0.0,0.0,0.0,0.0,0.0,0.0,0.0,0.0,0.0,0.0,0.0,0.0,0.0,0.0,0.0,0.0,0.0,0.0,0.0,0.0,0.0,0.0,0.0,0.0,0.0,0.0,0.0,0.0,0.0,0.0,0.0,0.0,0.0,0.0,523.0,81.0,0.0
2009,AMAZONAS,0.0,0.0,0.0,4.0,0.0,0.0,72.0,0.0,0.0,1.0,0.0,13.0,0.0,1.0,0.0,0.0,0.0,4.0,0.0,0.0,0.0,22.0,11.0,47.0,48.0,45.0,26.0,21.0,0.0,73.0,0.0,0.0,0.0,44.0,0.0,0.0,0.0,87.0,0.0,0.0,0.0,67.0,0.0,0.0,47.0,7.0,2.0,64.0,0.0,23.0,0.0,0.0,0.0,0.0,7.0,41.0,29.0,0.0,0.0,220.0
2009,ANCASH,13.0,0.0,0.0,315.0,0.0,7.0,556.0,0.0,9.0,50.0,0.0,590.0,42.0,142.0,0.0,0.0,0.0,145.0,62.0,16.0,0.0,335.0,314.0,197.0,189.0,189.0,550.0,489.0,0.0,194.0,0.0,0.0,0.0,550.0,0.0,0.0,0.0,604.0,0.0,0.0,0.0,268.0,0.0,0.0,434.0,124.0,30.0,1138.0,0.0,224.0,0.0,0.0,0.0,0.0,6.0,159.0,148.0,0.0,0.0,2263.0
2009,APURIMAC,0.0,0.0,0.0,11.0,0.0,0.0,39.0,0.0,0.0,4.0,0.0,54.0,1.0,9.0,0.0,0.0,0.0,5.0,6.0,0.0,0.0,30.0,24.0,29.0,22.0,29.0,19.0,30.0,0.0,82.0,0.0,0.0,0.0,80.0,0.0,0.0,0.0,156.0,0.0,0.0,0.0,110.0,0.0,0.0,59.0,4.0,8.0,70.0,0.0,8.0,0.0,0.0,0.0,0.0,0.0,9.0,25.0,0.0,0.0,183.0
2009,AREQUIPA,9.0,0.0,0.0,393.0,0.0,5.0,1199.0,0.0,3.0,59.0,0.0,2313.0,93.0,506.0,0.0,0.0,0.0,197.0,30.0,2.0,0.0,677.0,732.0,735.0,691.0,708.0,867.0,883.0,0.0,839.0,0.0,0.0,0.0,1690.0,0.0,0.0,0.0,1828.0,0.0,0.0,0.0,1237.0,0.0,0.0,1248.0,165.0,302.0,2332.0,0.0,557.0,0.0,0.0,0.0,0.0,14.0,557.0,118.0,0.0,0.0,5293.0
2009,AYACUCHO,202.0,0.0,0.0,146.0,0.0,0.0,373.0,0.0,0.0,24.0,0.0,492.0,27.0,75.0,0.0,0.0,0.0,118.0,22.0,1.0,0.0,74.0,68.0,62.0,65.0,65.0,138.0,141.0,0.0,103.0,0.0,0.0,0.0,182.0,0.0,0.0,0.0,263.0,0.0,0.0,0.0,204.0,0.0,0.0,119.0,37.0,13.0,204.0,0.0,83.0,0.0,0.0,0.0,0.0,3.0,108.0,46.0,0.0,0.0,613.0
2009,CAJAMARCA,282.0,0.0,0.0,693.0,0.0,30.0,543.0,0.0,8.0,71.0,0.0,869.0,71.0,169.0,0.0,0.0,0.0,360.0,66.0,20.0,0.0,552.0,413.0,427.0,381.0,330.0,728.0,759.0,0.0,520.0,0.0,0.0,0.0,1054.0,0.0,0.0,0.0,817.0,0.0,0.0,0.0,679.0,0.0,0.0,405.0,147.0,48.0,1234.0,0.0,591.0,0.0,0.0,0.0,0.0,1.0,1060.0,104.0,0.0,0.0,3590.0
2009,CALLAO,29.0,0.0,0.0,144.0,0.0,34.0,955.0,0.0,14.0,111.0,0.0,980.0,73.0,261.0,0.0,0.0,0.0,213.0,45.0,12.0,0.0,337.0,339.0,426.0,319.0,360.0,717.0,614.0,0.0,474.0,0.0,0.0,0.0,880.0,0.0,0.0,0.0,998.0,0.0,0.0,0.0,947.0,0.0,0.0,790.0,172.0,98.0,1469.0,0.0,254.0,0.0,0.0,0.0,0.0,6.0,235.0,88.0,0.0,0.0,3112.0
2009,CUSCO,19.0,0.0,0.0,13.0,0.0,1.0,78.0,0.0,0.0,3.0,0.0,117.0,17.0,29.0,0.0,0.0,0.0,127.0,2.0,0.0,0.0,234.0,252.0,232.0,206.0,234.0,298.0,318.0,0.0,367.0,0.0,0.0,0.0,728.0,0.0,0.0,0.0,875.0,0.0,0.0,0.0,544.0,0.0,0.0,625.0,130.0,44.0,480.0,0.0,219.0,0.0,0.0,0.0,0.0,6.0,172.0,98.0,0.0,0.0,1774.0
2009,DICIEMBRE,0.0,0.0,0.0,0.0,0.0,0.0,0.0,0.0,0.0,0.0,0.0,0.0,0.0,0.0,0.0,0.0,0.0,0.0,0.0,0.0,0.0,0.0,0.0,0.0,0.0,0.0,0.0,0.0,0.0,0.0,0.0,0.0,0.0,0.0,0.0,0.0,0.0,0.0,0.0,0.0,0.0,0.0,0.0,0.0,0.0,0.0,0.0,0.0,0.0,0.0,0.0,0.0,0.0,0.0,0.0,0.0,0.0,423.0,80.0,0.0
2009,ENERO,0.0,0.0,0.0,0.0,0.0,0.0,0.0,0.0,0.0,0.0,0.0,0.0,0.0,0.0,0.0,0.0,0.0,0.0,0.0,0.0,0.0,0.0,0.0,0.0,0.0,0.0,0.0,0.0,0.0,0.0,0.0,0.0,0.0,0.0,0.0,0.0,0.0,0.0,0.0,0.0,0.0,0.0,0.0,0.0,0.0,0.0,0.0,0.0,0.0,0.0,0.0,0.0,0.0,0.0,0.0,0.0,0.0,474.0,60.0,0.0
2009,FEBRERO,0.0,0.0,0.0,0.0,0.0,0.0,0.0,0.0,0.0,0.0,0.0,0.0,0.0,0.0,0.0,0.0,0.0,0.0,0.0,0.0,0.0,0.0,0.0,0.0,0.0,0.0,0.0,0.0,0.0,0.0,0.0,0.0,0.0,0.0,0.0,0.0,0.0,0.0,0.0,0.0,0.0,0.0,0.0,0.0,0.0,0.0,0.0,0.0,0.0,0.0,0.0,0.0,0.0,0.0,0.0,0.0,0.0,558.0,71.0,0.0
2009,HUANCAVELICA,0.0,0.0,0.0,16.0,0.0,0.0,20.0,0.0,0.0,0.0,0.0,7.0,0.0,1.0,0.0,0.0,0.0,24.0,3.0,0.0,0.0,7.0,15.0,4.0,5.0,9.0,7.0,9.0,0.0,8.0,0.0,0.0,0.0,13.0,0.0,0.0,0.0,11.0,0.0,0.0,0.0,15.0,0.0,0.0,5.0,1.0,0.0,15.0,0.0,1.0,0.0,0.0,0.0,0.0,0.0,23.0,11.0,0.0,0.0,56.0
2009,HUÁNUCO,0.0,0.0,0.0,137.0,0.0,0.0,364.0,0.0,0.0,1.0,0.0,6.0,0.0,0.0,0.0,0.0,0.0,0.0,0.0,0.0,0.0,84.0,76.0,93.0,87.0,92.0,117.0,124.0,0.0,74.0,0.0,0.0,0.0,116.0,0.0,0.0,0.0,154.0,0.0,0.0,0.0,118.0,0.0,0.0,118.0,43.0,1.0,377.0,0.0,71.0,0.0,0.0,0.0,0.0,1.0,40.0,22.0,0.0,0.0,673.0
2009,ICA,6.0,0.0,0.0,115.0,0.0,1.0,516.0,0.0,5.0,21.0,0.0,720.0,7.0,138.0,0.0,0.0,0.0,20.0,17.0,7.0,0.0,176.0,202.0,214.0,101.0,206.0,250.0,276.0,0.0,212.0,0.0,0.0,0.0,477.0,0.0,0.0,0.0,431.0,0.0,0.0,0.0,284.0,0.0,0.0,290.0,76.0,20.0,776.0,0.0,175.0,0.0,0.0,0.0,0.0,4.0,86.0,58.0,0.0,0.0,1485.0
2009,JULIO,0.0,0.0,0.0,0.0,0.0,0.0,0.0,0.0,0.0,0.0,0.0,0.0,0.0,0.0,0.0,0.0,0.0,0.0,0.0,0.0,0.0,0.0,0.0,0.0,0.0,0.0,0.0,0.0,0.0,0.0,0.0,0.0,0.0,0.0,0.0,0.0,0.0,0.0,0.0,0.0,0.0,0.0,0.0,0.0,0.0,0.0,0.0,0.0,0.0,0.0,0.0,0.0,0.0,0.0,0.0,0.0,0.0,421.0,88.0,0.0
2009,JUNIN,18.0,0.0,0.0,245.0,0.0,15.0,610.0,0.0,12.0,72.0,0.0,742.0,95.0,358.0,0.0,0.0,0.0,101.0,47.0,18.0,0.0,277.0,258.0,196.0,193.0,218.0,351.0,326.0,0.0,456.0,0.0,0.0,0.0,429.0,0.0,0.0,0.0,507.0,0.0,0.0,0.0,497.0,0.0,0.0,510.0,140.0,73.0,736.0,0.0,122.0,0.0,0.0,0.0,0.0,14.0,130.0,94.0,0.0,0.0,1819.0
2009,JUNIO,0.0,0.0,0.0,0.0,0.0,0.0,0.0,0.0,0.0,0.0,0.0,0.0,0.0,0.0,0.0,0.0,0.0,0.0,0.0,0.0,0.0,0.0,0.0,0.0,0.0,0.0,0.0,0.0,0.0,0.0,0.0,0.0,0.0,0.0,0.0,0.0,0.0,0.0,0.0,0.0,0.0,0.0,0.0,0.0,0.0,0.0,0.0,0.0,0.0,0.0,0.0,0.0,0.0,0.0,0.0,0.0,0.0,306.0,81.0,0.0
2009,LA LIBERTAD,106.0,0.0,0.0,376.0,0.0,19.0,1377.0,0.0,29.0,142.0,0.0,1002.0,114.0,378.0,0.0,0.0,0.0,64.0,86.0,35.0,0.0,544.0,412.0,594.0,441.0,472.0,577.0,585.0,0.0,632.0,0.0,0.0,0.0,1230.0,0.0,0.0,0.0,1221.0,0.0,0.0,0.0,937.0,0.0,0.0,774.0,247.0,115.0,1629.0,0.0,529.0,0.0,0.0,0.0,0.0,23.0,260.0,48.0,0.0,0.0,3625.0
2009,LAMBAYEQUE,2.0,0.0,0.0,148.0,0.0,10.0,455.0,0.0,4.0,59.0,0.0,590.0,35.0,149.0,0.0,0.0,0.0,44.0,13.0,4.0,0.0,134.0,104.0,156.0,127.0,116.0,133.0,139.0,0.0,103.0,0.0,0.0,0.0,209.0,0.0,0.0,0.0,175.0,0.0,0.0,0.0,110.0,0.0,0.0,164.0,35.0,10.0,514.0,0.0,51.0,0.0,0.0,0.0,0.0,2.0,22.0,111.0,0.0,0.0,909.0
2009,LIMA,1303.0,0.0,0.0,3502.0,0.0,316.0,16313.0,0.0,191.0,1218.0,0.0,12100.0,1536.0,4117.0,0.0,0.0,0.0,8821.0,571.0,532.0,0.0,6093.0,7287.0,6801.0,6489.0,6845.0,9997.0,9404.0,0.0,8046.0,0.0,0.0,0.0,15651.0,0.0,0.0,0.0,15380.0,0.0,0.0,0.0,13607.0,0.0,0.0,11041.0,2410.0,1724.0,24062.0,0.0,8510.0,0.0,0.0,0.0,0.0,121.0,4146.0,902.0,0.0,0.0,52916.0
2009,LORETO,49.0,0.0,0.0,176.0,0.0,14.0,374.0,0.0,2.0,15.0,0.0,319.0,16.0,91.0,0.0,0.0,0.0,9.0,7.0,5.0,0.0,195.0,105.0,173.0,90.0,116.0,237.0,176.0,0.0,192.0,0.0,0.0,0.0,317.0,0.0,0.0,0.0,287.0,0.0,0.0,0.0,285.0,0.0,0.0,215.0,104.0,9.0,491.0,0.0,157.0,0.0,0.0,0.0,0.0,0.0,97.0,19.0,0.0,0.0,1092.0
2009,MADRE DE DIOS,0.0,0.0,0.0,15.0,0.0,0.0,21.0,0.0,1.0,0.0,0.0,20.0,0.0,1.0,0.0,0.0,0.0,1.0,0.0,0.0,0.0,8.0,10.0,3.0,5.0,13.0,24.0,13.0,0.0,3.0,0.0,0.0,0.0,34.0,0.0,0.0,0.0,37.0,0.0,0.0,0.0,38.0,0.0,0.0,15.0,1.0,7.0,28.0,0.0,5.0,0.0,0.0,0.0,0.0,8.0,8.0,4.0,0.0,0.0,76.0
2009,MARZO,0.0,0.0,0.0,0.0,0.0,0.0,0.0,0.0,0.0,0.0,0.0,0.0,0.0,0.0,0.0,0.0,0.0,0.0,0.0,0.0,0.0,0.0,0.0,0.0,0.0,0.0,0.0,0.0,0.0,0.0,0.0,0.0,0.0,0.0,0.0,0.0,0.0,0.0,0.0,0.0,0.0,0.0,0.0,0.0,0.0,0.0,0.0,0.0,0.0,0.0,0.0,0.0,0.0,0.0,0.0,0.0,0.0,460.0,42.0,0.0
2009,MAYO,0.0,0.0,0.0,0.0,0.0,0.0,0.0,0.0,0.0,0.0,0.0,0.0,0.0,0.0,0.0,0.0,0.0,0.0,0.0,0.0,0.0,0.0,0.0,0.0,0.0,0.0,0.0,0.0,0.0,0.0,0.0,0.0,0.0,0.0,0.0,0.0,0.0,0.0,0.0,0.0,0.0,0.0,0.0,0.0,0.0,0.0,0.0,0.0,0.0,0.0,0.0,0.0,0.0,0.0,0.0,0.0,0.0,478.0,62.0,0.0
2009,MOQUEGUA,0.0,0.0,0.0,41.0,0.0,0.0,163.0,0.0,0.0,23.0,0.0,208.0,4.0,24.0,0.0,0.0,0.0,184.0,9.0,0.0,0.0,90.0,83.0,94.0,84.0,90.0,108.0,105.0,0.0,111.0,0.0,0.0,0.0,155.0,0.0,0.0,0.0,169.0,0.0,0.0,0.0,119.0,0.0,0.0,112.0,29.0,23.0,308.0,0.0,74.0,0.0,0.0,0.0,0.0,1.0,96.0,11.0,0.0,0.0,654.0
2009,NOVIEMBRE,0.0,0.0,0.0,0.0,0.0,0.0,0.0,0.0,0.0,0.0,0.0,0.0,0.0,0.0,0.0,0.0,0.0,0.0,0.0,0.0,0.0,0.0,0.0,0.0,0.0,0.0,0.0,0.0,0.0,0.0,0.0,0.0,0.0,0.0,0.0,0.0,0.0,0.0,0.0,0.0,0.0,0.0,0.0,0.0,0.0,0.0,0.0,0.0,0.0,0.0,0.0,0.0,0.0,0.0,0.0,0.0,0.0,373.0,73.0,0.0
2009,OCTUBRE,0.0,0.0,0.0,0.0,0.0,0.0,0.0,0.0,0.0,0.0,0.0,0.0,0.0,0.0,0.0,0.0,0.0,0.0,0.0,0.0,0.0,0.0,0.0,0.0,0.0,0.0,0.0,0.0,0.0,0.0,0.0,0.0,0.0,0.0,0.0,0.0,0.0,0.0,0.0,0.0,0.0,0.0,0.0,0.0,0.0,0.0,0.0,0.0,0.0,0.0,0.0,0.0,0.0,0.0,0.0,0.0,0.0,377.0,61.0,0.0
2009,PASCO,6.0,0.0,0.0,6.0,0.0,2.0,48.0,0.0,2.0,3.0,0.0,49.0,0.0,12.0,0.0,0.0,0.0,27.0,17.0,9.0,0.0,25.0,24.0,18.0,20.0,15.0,46.0,57.0,0.0,19.0,0.0,0.0,0.0,24.0,0.0,0.0,0.0,27.0,0.0,0.0,0.0,20.0,0.0,0.0,29.0,8.0,3.0,82.0,0.0,12.0,0.0,0.0,0.0,0.0,2.0,46.0,23.0,0.0,0.0,205.0
2009,PIURA,3.0,0.0,0.0,150.0,0.0,59.0,673.0,0.0,14.0,69.0,0.0,608.0,23.0,194.0,0.0,0.0,0.0,31.0,28.0,2.0,0.0,228.0,156.0,258.0,173.0,128.0,339.0,303.0,0.0,260.0,0.0,0.0,0.0,435.0,0.0,0.0,0.0,525.0,0.0,0.0,0.0,373.0,0.0,0.0,292.0,90.0,26.0,747.0,0.0,268.0,0.0,0.0,0.0,0.0,0.0,93.0,69.0,0.0,0.0,1585.0
2009,PUNO,22.0,0.0,0.0,105.0,0.0,0.0,329.0,0.0,3.0,36.0,0.0,259.0,24.0,113.0,0.0,0.0,0.0,79.0,19.0,3.0,0.0,112.0,136.0,140.0,166.0,134.0,133.0,170.0,0.0,158.0,0.0,0.0,0.0,253.0,0.0,0.0,0.0,266.0,0.0,0.0,0.0,252.0,0.0,0.0,169.0,63.0,14.0,348.0,0.0,146.0,0.0,0.0,0.0,0.0,0.0,110.0,81.0,0.0,0.0,931.0
2009,SAN MARTÍN,0.0,0.0,0.0,73.0,0.0,5.0,309.0,0.0,1.0,19.0,0.0,300.0,2.0,72.0,0.0,0.0,0.0,30.0,12.0,9.0,0.0,85.0,62.0,51.0,54.0,59.0,114.0,66.0,0.0,37.0,0.0,0.0,0.0,94.0,0.0,0.0,0.0,119.0,0.0,0.0,0.0,132.0,0.0,0.0,98.0,34.0,4.0,222.0,0.0,62.0,0.0,0.0,0.0,0.0,0.0,37.0,34.0,0.0,0.0,491.0
2009,SETIEMBRE,0.0,0.0,0.0,0.0,0.0,0.0,0.0,0.0,0.0,0.0,0.0,0.0,0.0,0.0,0.0,0.0,0.0,0.0,0.0,0.0,0.0,0.0,0.0,0.0,0.0,0.0,0.0,0.0,0.0,0.0,0.0,0.0,0.0,0.0,0.0,0.0,0.0,0.0,0.0,0.0,0.0,0.0,0.0,0.0,0.0,0.0,0.0,0.0,0.0,0.0,0.0,0.0,0.0,0.0,0.0,0.0,0.0,363.0,48.0,0.0
2009,TACNA,12.0,0.0,0.0,180.0,0.0,1.0,284.0,0.0,0.0,21.0,0.0,550.0,9.0,91.0,0.0,0.0,0.0,36.0,12.0,12.0,0.0,124.0,107.0,165.0,103.0,148.0,159.0,231.0,0.0,46.0,0.0,0.0,0.0,55.0,0.0,0.0,0.0,76.0,0.0,0.0,0.0,66.0,0.0,0.0,210.0,35.0,54.0,516.0,0.0,116.0,0.0,0.0,0.0,0.0,0.0,94.0,12.0,0.0,0.0,1037.0
2009,TOTAL,2147.0,0.0,0.0,7303.0,0.0,528.0,26164.0,0.0,337.0,2077.0,0.0,23361.0,2207.0,7042.0,0.0,0.0,0.0,10686.0,1101.0,700.0,0.0,10631.0,11375.0,11288.0,10198.0,10796.0,16231.0,15507.0,0.0,13213.0,0.0,0.0,0.0,25227.0,0.0,0.0,0.0,25601.0,0.0,0.0,0.0,21296.0,0.0,0.0,18073.0,4194.0,2636.0,38539.0,0.0,12402.0,0.0,0.0,0.0,0.0,225.0,7741.0,2216.0,5183.0,806.0,0.0
2009,TOTAL ANUAL,0.0,0.0,0.0,0.0,0.0,0.0,83653.0,0.0,0.0,0.0,0.0,0.0,0.0,0.0,0.0,0.0,0.0,0.0,0.0,0.0,0.0,0.0,0.0,86026.0,0.0,0.0,0.0,0.0,0.0,0.0,0.0,0.0,0.0,85337.0,0.0,0.0,0.0,0.0,0.0,0.0,0.0,0.0,0.0,0.0,86026.0,0.0,0.0,0.0,0.0,0.0,0.0,0.0,0.0,0.0,0.0,0.0,0.0,0.0,0.0,0.0
2009,TOTAL SINIESTROS DE TRÁNSITO,0.0,0.0,0.0,0.0,0.0,0.0,0.0,0.0,0.0,0.0,0.0,0.0,0.0,0.0,0.0,0.0,0.0,0.0,0.0,0.0,0.0,0.0,0.0,0.0,0.0,0.0,0.0,0.0,0.0,0.0,0.0,0.0,0.0,0.0,0.0,0.0,0.0,0.0,0.0,0.0,0.0,0.0,0.0,0.0,0.0,0.0,0.0,0.0,0.0,0.0,0.0,0.0,0.0,0.0,0.0,0.0,0.0,0.0,0.0,86026.0
2009,TUMBES,1.0,0.0,0.0,32.0,0.0,0.0,52.0,0.0,1.0,4.0,0.0,189.0,5.0,22.0,0.0,0.0,0.0,26.0,2.0,2.0,0.0,36.0,32.0,32.0,40.0,39.0,62.0,54.0,0.0,24.0,0.0,0.0,0.0,64.0,0.0,0.0,0.0,132.0,0.0,0.0,0.0,89.0,0.0,0.0,54.0,17.0,2.0,174.0,0.0,23.0,0.0,0.0,0.0,0.0,0.0,19.0,6.0,0.0,0.0,295.0
2009,UCAYALI,65.0,0.0,0.0,267.0,0.0,9.0,441.0,0.0,38.0,51.0,0.0,264.0,13.0,89.0,0.0,0.0,0.0,20.0,25.0,11.0,0.0,152.0,153.0,141.0,99.0,136.0,234.0,214.0,0.0,180.0,0.0,0.0,0.0,463.0,0.0,0.0,0.0,456.0,0.0,0.0,0.0,298.0,0.0,0.0,250.0,75.0,6.0,523.0,0.0,121.0,0.0,0.0,0.0,0.0,6.0,93.0,55.0,0.0,0.0,1129.0
2010,ABRIL,0.0,0.0,0.0,0.0,0.0,0.0,0.0,0.0,0.0,0.0,0.0,0.0,0.0,0.0,0.0,0.0,0.0,0.0,0.0,0.0,0.0,0.0,0.0,0.0,0.0,0.0,0.0,0.0,0.0,0.0,0.0,0.0,0.0,0.0,0.0,0.0,0.0,0.0,0.0,0.0,0.0,0.0,0.0,0.0,0.0,0.0,0.0,0.0,0.0,0.0,0.0,0.0,0.0,0.0,0.0,0.0,0.0,318.0,55.0,0.0
2010,AGOSTO,0.0,0.0,0.0,0.0,0.0,0.0,0.0,0.0,0.0,0.0,0.0,0.0,0.0,0.0,0.0,0.0,0.0,0.0,0.0,0.0,0.0,0.0,0.0,0.0,0.0,0.0,0.0,0.0,0.0,0.0,0.0,0.0,0.0,0.0,0.0,0.0,0.0,0.0,0.0,0.0,0.0,0.0,0.0,0.0,0.0,0.0,0.0,0.0,0.0,0.0,0.0,0.0,0.0,0.0,0.0,0.0,0.0,385.0,40.0,0.0
2010,AMAZONAS,0.0,0.0,0.0,4.0,0.0,0.0,72.0,0.0,0.0,1.0,0.0,13.0,0.0,1.0,0.0,0.0,0.0,4.0,0.0,0.0,0.0,8.0,16.0,18.0,19.0,23.0,5.0,6.0,0.0,11.0,0.0,0.0,0.0,10.0,0.0,0.0,0.0,48.0,0.0,0.0,0.0,26.0,0.0,0.0,4.0,1.0,1.0,43.0,0.0,1.0,0.0,0.0,25.0,0.0,0.0,0.0,20.0,0.0,0.0,95.0
2010,ANCASH,13.0,0.0,0.0,315.0,0.0,7.0,556.0,0.0,9.0,50.0,0.0,590.0,42.0,142.0,0.0,0.0,0.0,145.0,62.0,16.0,0.0,261.0,229.0,230.0,180.0,241.0,398.0,407.0,0.0,293.0,0.0,0.0,0.0,503.0,0.0,0.0,0.0,551.0,0.0,0.0,0.0,598.0,0.0,0.0,376.0,89.0,40.0,869.0,0.0,282.0,0.0,0.0,9.0,0.0,3.0,180.0,98.0,0.0,0.0,1946.0
2010,APURIMAC,0.0,0.0,0.0,11.0,0.0,0.0,39.0,0.0,0.0,4.0,0.0,54.0,1.0,9.0,0.0,0.0,0.0,5.0,6.0,0.0,0.0,13.0,18.0,22.0,29.0,13.0,19.0,17.0,0.0,23.0,0.0,0.0,0.0,55.0,0.0,0.0,0.0,30.0,0.0,0.0,0.0,23.0,0.0,0.0,31.0,1.0,3.0,39.0,0.0,4.0,0.0,0.0,0.0,0.0,0.0,16.0,35.0,0.0,0.0,129.0
2010,AREQUIPA,9.0,0.0,0.0,393.0,0.0,5.0,1199.0,0.0,3.0,59.0,0.0,2313.0,93.0,506.0,0.0,0.0,0.0,197.0,30.0,2.0,0.0,631.0,659.0,683.0,690.0,645.0,753.0,748.0,0.0,669.0,0.0,0.0,0.0,1502.0,0.0,0.0,0.0,1699.0,0.0,0.0,0.0,939.0,0.0,0.0,1074.0,166.0,229.0,2329.0,0.0,457.0,0.0,0.0,2.0,0.0,17.0,413.0,122.0,0.0,0.0,4809.0
2010,AYACUCHO,202.0,0.0,0.0,146.0,0.0,0.0,373.0,0.0,0.0,24.0,0.0,492.0,27.0,75.0,0.0,0.0,0.0,118.0,22.0,1.0,0.0,218.0,172.0,211.0,207.0,169.0,221.0,282.0,0.0,155.0,0.0,0.0,0.0,487.0,0.0,0.0,0.0,544.0,0.0,0.0,0.0,294.0,0.0,0.0,221.0,47.0,44.0,286.0,0.0,599.0,0.0,0.0,0.0,0.0,0.0,215.0,68.0,0.0,0.0,1480.0
2010,CAJAMARCA,282.0,0.0,0.0,693.0,0.0,30.0,543.0,0.0,8.0,71.0,0.0,869.0,71.0,169.0,0.0,0.0,0.0,360.0,66.0,20.0,0.0,422.0,406.0,437.0,359.0,436.0,655.0,466.0,0.0,524.0,0.0,0.0,0.0,707.0,0.0,0.0,0.0,879.0,0.0,0.0,0.0,1072.0,0.0,0.0,404.0,154.0,20.0,1326.0,0.0,385.0,0.0,0.0,272.0,0.0,0.0,509.0,112.0,0.0,0.0,3182.0
2010,CALLAO,29.0,0.0,0.0,144.0,0.0,34.0,955.0,0.0,14.0,111.0,0.0,980.0,73.0,261.0,0.0,0.0,0.0,213.0,45.0,12.0,0.0,323.0,349.0,436.0,320.0,342.0,536.0,565.0,0.0,336.0,0.0,0.0,0.0,890.0,0.0,0.0,0.0,959.0,0.0,0.0,0.0,686.0,0.0,0.0,657.0,124.0,111.0,1340.0,0.0,333.0,0.0,0.0,133.0,0.0,4.0,131.0,38.0,0.0,0.0,2871.0
2010,CUSCO,19.0,0.0,0.0,13.0,0.0,1.0,78.0,0.0,0.0,3.0,0.0,117.0,17.0,29.0,0.0,0.0,0.0,127.0,2.0,0.0,0.0,69.0,77.0,41.0,64.0,41.0,61.0,53.0,0.0,58.0,0.0,0.0,0.0,127.0,0.0,0.0,0.0,139.0,0.0,0.0,0.0,82.0,0.0,0.0,184.0,29.0,10.0,85.0,0.0,15.0,0.0,0.0,0.0,0.0,0.0,66.0,17.0,0.0,0.0,406.0
2010,DICIEMBRE,0.0,0.0,0.0,0.0,0.0,0.0,0.0,0.0,0.0,0.0,0.0,0.0,0.0,0.0,0.0,0.0,0.0,0.0,0.0,0.0,0.0,0.0,0.0,0.0,0.0,0.0,0.0,0.0,0.0,0.0,0.0,0.0,0.0,0.0,0.0,0.0,0.0,0.0,0.0,0.0,0.0,0.0,0.0,0.0,0.0,0.0,0.0,0.0,0.0,0.0,0.0,0.0,0.0,0.0,0.0,0.0,0.0,471.0,73.0,0.0
2010,ENERO,0.0,0.0,0.0,0.0,0.0,0.0,0.0,0.0,0.0,0.0,0.0,0.0,0.0,0.0,0.0,0.0,0.0,0.0,0.0,0.0,0.0,0.0,0.0,0.0,0.0,0.0,0.0,0.0,0.0,0.0,0.0,0.0,0.0,0.0,0.0,0.0,0.0,0.0,0.0,0.0,0.0,0.0,0.0,0.0,0.0,0.0,0.0,0.0,0.0,0.0,0.0,0.0,0.0,0.0,0.0,0.0,0.0,555.0,61.0,0.0
2010,FEBRERO,0.0,0.0,0.0,0.0,0.0,0.0,0.0,0.0,0.0,0.0,0.0,0.0,0.0,0.0,0.0,0.0,0.0,0.0,0.0,0.0,0.0,0.0,0.0,0.0,0.0,0.0,0.0,0.0,0.0,0.0,0.0,0.0,0.0,0.0,0.0,0.0,0.0,0.0,0.0,0.0,0.0,0.0,0.0,0.0,0.0,0.0,0.0,0.0,0.0,0.0,0.0,0.0,0.0,0.0,0.0,0.0,0.0,724.0,136.0,0.0
2010,HUANCAVELICA,0.0,0.0,0.0,16.0,0.0,0.0,20.0,0.0,0.0,0.0,0.0,7.0,0.0,1.0,0.0,0.0,0.0,24.0,3.0,0.0,0.0,7.0,13.0,12.0,6.0,17.0,8.0,8.0,0.0,12.0,0.0,0.0,0.0,19.0,0.0,0.0,0.0,24.0,0.0,0.0,0.0,16.0,0.0,0.0,10.0,5.0,2.0,38.0,0.0,0.0,0.0,0.0,7.0,0.0,0.0,5.0,4.0,0.0,0.0,71.0
2010,HUÁNUCO,0.0,0.0,0.0,137.0,0.0,0.0,364.0,0.0,0.0,1.0,0.0,6.0,0.0,0.0,0.0,0.0,0.0,0.0,0.0,0.0,0.0,61.0,52.0,60.0,59.0,50.0,110.0,116.0,0.0,98.0,0.0,0.0,0.0,143.0,0.0,0.0,0.0,136.0,0.0,0.0,0.0,131.0,0.0,0.0,22.0,2.0,2.0,431.0,0.0,19.0,0.0,0.0,5.0,0.0,0.0,2.0,25.0,0.0,0.0,508.0
2010,ICA,6.0,0.0,0.0,115.0,0.0,1.0,516.0,0.0,5.0,21.0,0.0,720.0,7.0,138.0,0.0,0.0,0.0,20.0,17.0,7.0,0.0,206.0,228.0,206.0,184.0,212.0,285.0,252.0,0.0,155.0,0.0,0.0,0.0,479.0,0.0,0.0,0.0,593.0,0.0,0.0,0.0,346.0,0.0,0.0,299.0,61.0,23.0,850.0,0.0,201.0,0.0,0.0,0.0,0.0,3.0,71.0,65.0,0.0,0.0,1573.0
2010,JULIO,0.0,0.0,0.0,0.0,0.0,0.0,0.0,0.0,0.0,0.0,0.0,0.0,0.0,0.0,0.0,0.0,0.0,0.0,0.0,0.0,0.0,0.0,0.0,0.0,0.0,0.0,0.0,0.0,0.0,0.0,0.0,0.0,0.0,0.0,0.0,0.0,0.0,0.0,0.0,0.0,0.0,0.0,0.0,0.0,0.0,0.0,0.0,0.0,0.0,0.0,0.0,0.0,0.0,0.0,0.0,0.0,0.0,405.0,70.0,0.0
2010,JUNIN,18.0,0.0,0.0,245.0,0.0,15.0,610.0,0.0,12.0,72.0,0.0,742.0,95.0,358.0,0.0,0.0,0.0,101.0,47.0,18.0,0.0,338.0,258.0,214.0,241.0,267.0,621.0,394.0,0.0,439.0,0.0,0.0,0.0,499.0,0.0,0.0,0.0,677.0,0.0,0.0,0.0,718.0,0.0,0.0,693.0,228.0,134.0,790.0,0.0,211.0,0.0,0.0,134.0,0.0,7.0,63.0,73.0,0.0,0.0,2333.0
2010,JUNIO,0.0,0.0,0.0,0.0,0.0,0.0,0.0,0.0,0.0,0.0,0.0,0.0,0.0,0.0,0.0,0.0,0.0,0.0,0.0,0.0,0.0,0.0,0.0,0.0,0.0,0.0,0.0,0.0,0.0,0.0,0.0,0.0,0.0,0.0,0.0,0.0,0.0,0.0,0.0,0.0,0.0,0.0,0.0,0.0,0.0,0.0,0.0,0.0,0.0,0.0,0.0,0.0,0.0,0.0,0.0,0.0,0.0,362.0,47.0,0.0
2010,LA LIBERTAD,106.0,0.0,0.0,376.0,0.0,19.0,1377.0,0.0,29.0,142.0,0.0,1002.0,114.0,378.0,0.0,0.0,0.0,64.0,86.0,35.0,0.0,484.0,457.0,619.0,419.0,446.0,664.0,639.0,0.0,656.0,0.0,0.0,0.0,1046.0,0.0,0.0,0.0,1169.0,0.0,0.0,0.0,857.0,0.0,0.0,820.0,203.0,119.0,1777.0,0.0,467.0,0.0,0.0,223.0,0.0,12.0,23.0,84.0,0.0,0.0,3728.0
2010,LAMBAYEQUE,2.0,0.0,0.0,148.0,0.0,10.0,455.0,0.0,4.0,59.0,0.0,590.0,35.0,149.0,0.0,0.0,0.0,44.0,13.0,4.0,0.0,234.0,230.0,256.0,194.0,184.0,200.0,215.0,0.0,175.0,0.0,0.0,0.0,544.0,0.0,0.0,0.0,497.0,0.0,0.0,0.0,297.0,0.0,0.0,289.0,127.0,24.0,723.0,0.0,151.0,0.0,0.0,130.0,0.0,5.0,18.0,46.0,0.0,0.0,1513.0
2010,LIMA,1303.0,0.0,0.0,3502.0,0.0,316.0,16313.0,0.0,191.0,1218.0,0.0,12100.0,1536.0,4117.0,0.0,0.0,0.0,8821.0,571.0,532.0,0.0,5645.0,6988.0,6738.0,6342.0,6592.0,9188.0,9027.0,0.0,7099.0,0.0,0.0,0.0,16161.0,0.0,0.0,0.0,14941.0,0.0,0.0,0.0,12319.0,0.0,0.0,9266.0,2111.0,1762.0,25422.0,0.0,7126.0,0.0,0.0,2.0,0.0,82.0,3925.0,824.0,0.0,0.0,50520.0
2010,LORETO,49.0,0.0,0.0,176.0,0.0,14.0,374.0,0.0,2.0,15.0,0.0,319.0,16.0,91.0,0.0,0.0,0.0,9.0,7.0,5.0,0.0,157.0,142.0,123.0,107.0,119.0,245.0,184.0,0.0,202.0,0.0,0.0,0.0,214.0,0.0,0.0,0.0,355.0,0.0,0.0,0.0,306.0,0.0,0.0,223.0,121.0,11.0,396.0,0.0,171.0,0.0,0.0,106.0,0.0,3.0,30.0,17.0,0.0,0.0,1078.0
2010,MADRE DE DIOS,0.0,0.0,0.0,15.0,0.0,0.0,21.0,0.0,1.0,0.0,0.0,20.0,0.0,1.0,0.0,0.0,0.0,1.0,0.0,0.0,0.0,0.0,11.0,2.0,3.0,6.0,18.0,19.0,0.0,8.0,0.0,0.0,0.0,6.0,0.0,0.0,0.0,16.0,0.0,0.0,0.0,29.0,0.0,0.0,8.0,4.0,0.0,26.0,0.0,4.0,0.0,0.0,0.0,0.0,0.0,15.0,2.0,0.0,0.0,59.0
2010,MARZO,0.0,0.0,0.0,0.0,0.0,0.0,0.0,0.0,0.0,0.0,0.0,0.0,0.0,0.0,0.0,0.0,0.0,0.0,0.0,0.0,0.0,0.0,0.0,0.0,0.0,0.0,0.0,0.0,0.0,0.0,0.0,0.0,0.0,0.0,0.0,0.0,0.0,0.0,0.0,0.0,0.0,0.0,0.0,0.0,0.0,0.0,0.0,0.0,0.0,0.0,0.0,0.0,0.0,0.0,0.0,0.0,0.0,313.0,66.0,0.0
2010,MAYO,0.0,0.0,0.0,0.0,0.0,0.0,0.0,0.0,0.0,0.0,0.0,0.0,0.0,0.0,0.0,0.0,0.0,0.0,0.0,0.0,0.0,0.0,0.0,0.0,0.0,0.0,0.0,0.0,0.0,0.0,0.0,0.0,0.0,0.0,0.0,0.0,0.0,0.0,0.0,0.0,0.0,0.0,0.0,0.0,0.0,0.0,0.0,0.0,0.0,0.0,0.0,0.0,0.0,0.0,0.0,0.0,0.0,554.0,69.0,0.0
2010,MOQUEGUA,0.0,0.0,0.0,41.0,0.0,0.0,163.0,0.0,0.0,23.0,0.0,208.0,4.0,24.0,0.0,0.0,0.0,184.0,9.0,0.0,0.0,96.0,97.0,80.0,87.0,98.0,98.0,100.0,0.0,118.0,0.0,0.0,0.0,181.0,0.0,0.0,0.0,226.0,0.0,0.0,0.0,131.0,0.0,0.0,114.0,26.0,19.0,315.0,0.0,72.0,0.0,0.0,17.0,0.0,12.0,64.0,17.0,0.0,0.0,656.0
2010,NOVIEMBRE,0.0,0.0,0.0,0.0,0.0,0.0,0.0,0.0,0.0,0.0,0.0,0.0,0.0,0.0,0.0,0.0,0.0,0.0,0.0,0.0,0.0,0.0,0.0,0.0,0.0,0.0,0.0,0.0,0.0,0.0,0.0,0.0,0.0,0.0,0.0,0.0,0.0,0.0,0.0,0.0,0.0,0.0,0.0,0.0,0.0,0.0,0.0,0.0,0.0,0.0,0.0,0.0,0.0,0.0,0.0,0.0,0.0,408.0,117.0,0.0
2010,OCTUBRE,0.0,0.0,0.0,0.0,0.0,0.0,0.0,0.0,0.0,0.0,0.0,0.0,0.0,0.0,0.0,0.0,0.0,0.0,0.0,0.0,0.0,0.0,0.0,0.0,0.0,0.0,0.0,0.0,0.0,0.0,0.0,0.0,0.0,0.0,0.0,0.0,0.0,0.0,0.0,0.0,0.0,0.0,0.0,0.0,0.0,0.0,0.0,0.0,0.0,0.0,0.0,0.0,0.0,0.0,0.0,0.0,0.0,457.0,93.0,0.0
2010,PASCO,6.0,0.0,0.0,6.0,0.0,2.0,48.0,0.0,2.0,3.0,0.0,49.0,0.0,12.0,0.0,0.0,0.0,27.0,17.0,9.0,0.0,25.0,22.0,23.0,15.0,25.0,34.0,37.0,0.0,22.0,0.0,0.0,0.0,57.0,0.0,0.0,0.0,62.0,0.0,0.0,0.0,40.0,0.0,0.0,10.0,6.0,2.0,80.0,0.0,28.0,0.0,0.0,1.0,0.0,5.0,39.0,10.0,0.0,0.0,181.0
2010,PIURA,3.0,0.0,0.0,150.0,0.0,59.0,673.0,0.0,14.0,69.0,0.0,608.0,23.0,194.0,0.0,0.0,0.0,31.0,28.0,2.0,0.0,226.0,172.0,349.0,185.0,169.0,407.0,346.0,0.0,239.0,0.0,0.0,0.0,459.0,0.0,0.0,0.0,703.0,0.0,0.0,0.0,453.0,0.0,0.0,302.0,100.0,17.0,941.0,0.0,333.0,0.0,0.0,13.0,0.0,3.0,103.0,42.0,0.0,0.0,1854.0
2010,PUNO,22.0,0.0,0.0,105.0,0.0,0.0,329.0,0.0,3.0,36.0,0.0,259.0,24.0,113.0,0.0,0.0,0.0,79.0,19.0,3.0,0.0,116.0,144.0,164.0,117.0,130.0,152.0,169.0,0.0,154.0,0.0,0.0,0.0,266.0,0.0,0.0,0.0,355.0,0.0,0.0,0.0,217.0,0.0,0.0,231.0,87.0,21.0,317.0,0.0,145.0,0.0,0.0,0.0,0.0,0.0,141.0,50.0,0.0,0.0,992.0
2010,SAN MARTÍN,0.0,0.0,0.0,73.0,0.0,5.0,309.0,0.0,1.0,19.0,0.0,300.0,2.0,72.0,0.0,0.0,0.0,30.0,12.0,9.0,0.0,157.0,120.0,63.0,76.0,91.0,212.0,113.0,0.0,185.0,0.0,0.0,0.0,178.0,0.0,0.0,0.0,260.0,0.0,0.0,0.0,209.0,0.0,0.0,120.0,34.0,10.0,415.0,0.0,71.0,0.0,0.0,121.0,0.0,1.0,38.0,22.0,0.0,0.0,832.0
2010,SETIEMBRE,0.0,0.0,0.0,0.0,0.0,0.0,0.0,0.0,0.0,0.0,0.0,0.0,0.0,0.0,0.0,0.0,0.0,0.0,0.0,0.0,0.0,0.0,0.0,0.0,0.0,0.0,0.0,0.0,0.0,0.0,0.0,0.0,0.0,0.0,0.0,0.0,0.0,0.0,0.0,0.0,0.0,0.0,0.0,0.0,0.0,0.0,0.0,0.0,0.0,0.0,0.0,0.0,0.0,0.0,0.0,0.0,0.0,383.0,64.0,0.0
2010,TACNA,12.0,0.0,0.0,180.0,0.0,1.0,284.0,0.0,0.0,21.0,0.0,550.0,9.0,91.0,0.0,0.0,0.0,36.0,12.0,12.0,0.0,167.0,181.0,125.0,156.0,155.0,214.0,210.0,0.0,214.0,0.0,0.0,0.0,287.0,0.0,0.0,0.0,362.0,0.0,0.0,0.0,345.0,0.0,0.0,194.0,67.0,29.0,604.0,0.0,155.0,0.0,0.0,15.0,0.0,21.0,104.0,19.0,0.0,0.0,1208.0
2010,TOTAL,2147.0,0.0,0.0,7303.0,0.0,528.0,26164.0,0.0,337.0,2077.0,0.0,23361.0,2207.0,7042.0,0.0,0.0,0.0,10686.0,1101.0,700.0,0.0,10055.0,11288.0,11289.0,10255.0,10701.0,15442.0,14623.0,0.0,12042.0,0.0,0.0,0.0,25234.0,0.0,0.0,0.0,25799.0,0.0,0.0,0.0,20578.0,0.0,0.0,15825.0,3848.0,2641.0,40257.0,0.0,11422.0,0.0,0.0,1364.0,0.0,180.0,6269.0,1847.0,5335.0,891.0,0.0
2010,TOTAL ANUAL,0.0,0.0,0.0,0.0,0.0,0.0,83653.0,0.0,0.0,0.0,0.0,0.0,0.0,0.0,0.0,0.0,0.0,0.0,0.0,0.0,0.0,0.0,0.0,83653.0,0.0,0.0,0.0,0.0,0.0,0.0,0.0,0.0,0.0,83653.0,0.0,0.0,0.0,0.0,0.0,0.0,0.0,0.0,0.0,0.0,83653.0,0.0,0.0,0.0,0.0,0.0,0.0,0.0,0.0,0.0,0.0,0.0,0.0,0.0,0.0,0.0
2010,TOTAL SINIESTROS DE TRÁNSITO,0.0,0.0,0.0,0.0,0.0,0.0,0.0,0.0,0.0,0.0,0.0,0.0,0.0,0.0,0.0,0.0,0.0,0.0,0.0,0.0,0.0,0.0,0.0,0.0,0.0,0.0,0.0,0.0,0.0,0.0,0.0,0.0,0.0,0.0,0.0,0.0,0.0,0.0,0.0,0.0,0.0,0.0,0.0,0.0,0.0,0.0,0.0,0.0,0.0,0.0,0.0,0.0,0.0,0.0,0.0,0.0,0.0,0.0,0.0,83653.0
2010,TUMBES,1.0,0.0,0.0,32.0,0.0,0.0,52.0,0.0,1.0,4.0,0.0,189.0,5.0,22.0,0.0,0.0,0.0,26.0,2.0,2.0,0.0,55.0,34.0,50.0,48.0,36.0,74.0,39.0,0.0,18.0,0.0,0.0,0.0,72.0,0.0,0.0,0.0,139.0,0.0,0.0,0.0,107.0,0.0,0.0,72.0,15.0,4.0,161.0,0.0,46.0,0.0,0.0,35.0,0.0,0.0,0.0,3.0,0.0,0.0,336.0
2010,UCAYALI,65.0,0.0,0.0,267.0,0.0,9.0,441.0,0.0,38.0,51.0,0.0,264.0,13.0,89.0,0.0,0.0,0.0,20.0,25.0,11.0,0.0,136.0,213.0,127.0,148.0,194.0,264.0,211.0,0.0,179.0,0.0,0.0,0.0,342.0,0.0,0.0,0.0,435.0,0.0,0.0,0.0,337.0,0.0,0.0,201.0,40.0,4.0,654.0,0.0,146.0,0.0,0.0,114.0,0.0,2.0,98.0,34.0,0.0,0.0,1293.0
2011,ABRIL,0.0,0.0,0.0,0.0,0.0,0.0,0.0,0.0,0.0,0.0,0.0,0.0,0.0,0.0,0.0,0.0,0.0,0.0,0.0,0.0,0.0,0.0,0.0,0.0,0.0,0.0,0.0,0.0,0.0,0.0,0.0,0.0,0.0,0.0,0.0,0.0,0.0,0.0,0.0,0.0,0.0,0.0,0.0,0.0,0.0,0.0,0.0,0.0,0.0,0.0,0.0,0.0,0.0,0.0,0.0,0.0,0.0,453.0,49.0,0.0
2011,AGOSTO,0.0,0.0,0.0,0.0,0.0,0.0,0.0,0.0,0.0,0.0,0.0,0.0,0.0,0.0,0.0,0.0,0.0,0.0,0.0,0.0,0.0,0.0,0.0,0.0,0.0,0.0,0.0,0.0,0.0,0.0,0.0,0.0,0.0,0.0,0.0,0.0,0.0,0.0,0.0,0.0,0.0,0.0,0.0,0.0,0.0,0.0,0.0,0.0,0.0,0.0,0.0,0.0,0.0,0.0,0.0,0.0,0.0,676.0,81.0,0.0
2011,AMAZONAS,0.0,0.0,0.0,18.0,0.0,4.0,125.0,0.0,0.0,10.0,0.0,74.0,1.0,4.0,0.0,0.0,0.0,1.0,1.0,1.0,0.0,12.0,38.0,16.0,47.0,55.0,26.0,45.0,0.0,20.0,0.0,0.0,0.0,32.0,0.0,0.0,0.0,100.0,0.0,0.0,0.0,87.0,0.0,0.0,38.0,8.0,6.0,116.0,0.0,8.0,0.0,0.0,17.0,0.0,0.0,16.0,30.0,0.0,0.0,239.0
2011,ANCASH,22.0,0.0,0.0,254.0,0.0,9.0,721.0,0.0,6.0,83.0,0.0,637.0,82.0,218.0,0.0,0.0,0.0,183.0,38.0,14.0,0.0,393.0,241.0,264.0,231.0,247.0,494.0,397.0,0.0,435.0,0.0,0.0,0.0,624.0,0.0,0.0,0.0,678.0,0.0,0.0,0.0,530.0,0.0,0.0,444.0,70.0,73.0,971.0,0.0,285.0,0.0,0.0,0.0,0.0,5.0,273.0,146.0,0.0,0.0,2267.0
2011,APURIMAC,0.0,0.0,0.0,19.0,0.0,1.0,51.0,0.0,0.0,10.0,0.0,79.0,0.0,15.0,0.0,0.0,0.0,7.0,3.0,2.0,0.0,17.0,18.0,17.0,20.0,27.0,31.0,55.0,0.0,28.0,0.0,0.0,0.0,48.0,0.0,0.0,0.0,72.0,0.0,0.0,0.0,37.0,0.0,0.0,33.0,5.0,3.0,73.0,0.0,13.0,0.0,0.0,0.0,0.0,0.0,24.0,34.0,0.0,0.0,185.0
2011,AREQUIPA,43.0,0.0,0.0,944.0,0.0,15.0,1295.0,0.0,20.0,57.0,0.0,2541.0,65.0,437.0,0.0,0.0,0.0,147.0,30.0,43.0,0.0,634.0,795.0,764.0,749.0,719.0,1005.0,971.0,0.0,886.0,0.0,0.0,0.0,1765.0,0.0,0.0,0.0,1792.0,0.0,0.0,0.0,1194.0,0.0,0.0,1128.0,167.0,269.0,2832.0,0.0,554.0,0.0,0.0,104.0,0.0,136.0,327.0,120.0,0.0,0.0,5637.0
2011,AYACUCHO,2.0,0.0,0.0,244.0,0.0,6.0,312.0,0.0,1.0,17.0,0.0,304.0,15.0,77.0,0.0,0.0,0.0,19.0,8.0,1.0,0.0,138.0,148.0,124.0,122.0,133.0,197.0,144.0,0.0,169.0,0.0,0.0,0.0,244.0,0.0,0.0,0.0,340.0,0.0,0.0,0.0,253.0,0.0,0.0,148.0,24.0,26.0,211.0,0.0,242.0,0.0,0.0,0.0,0.0,1.0,300.0,54.0,0.0,0.0,1006.0
2011,CAJAMARCA,207.0,0.0,0.0,588.0,0.0,12.0,631.0,0.0,9.0,69.0,0.0,702.0,58.0,157.0,0.0,0.0,0.0,405.0,53.0,54.0,0.0,365.0,376.0,427.0,365.0,436.0,522.0,454.0,0.0,518.0,0.0,0.0,0.0,687.0,0.0,0.0,0.0,854.0,0.0,0.0,0.0,886.0,0.0,0.0,380.0,147.0,47.0,1183.0,0.0,336.0,0.0,0.0,385.0,0.0,4.0,371.0,92.0,0.0,0.0,2945.0
2011,CALLAO,20.0,0.0,0.0,141.0,0.0,17.0,1012.0,0.0,5.0,123.0,0.0,1159.0,48.0,290.0,0.0,0.0,0.0,60.0,43.0,13.0,0.0,306.0,345.0,375.0,341.0,382.0,604.0,578.0,0.0,336.0,0.0,0.0,0.0,939.0,0.0,0.0,0.0,923.0,0.0,0.0,0.0,733.0,0.0,0.0,630.0,101.0,116.0,1324.0,0.0,371.0,0.0,0.0,223.0,0.0,0.0,127.0,39.0,0.0,0.0,2931.0
2011,CUSCO,0.0,0.0,0.0,143.0,0.0,4.0,124.0,0.0,2.0,7.0,0.0,188.0,8.0,59.0,0.0,0.0,0.0,13.0,1.0,0.0,0.0,85.0,84.0,66.0,61.0,98.0,71.0,84.0,0.0,95.0,0.0,0.0,0.0,136.0,0.0,0.0,0.0,147.0,0.0,0.0,0.0,171.0,0.0,0.0,158.0,48.0,3.0,148.0,0.0,20.0,0.0,0.0,27.0,0.0,5.0,101.0,39.0,0.0,0.0,549.0
2011,DICIEMBRE,0.0,0.0,0.0,0.0,0.0,0.0,0.0,0.0,0.0,0.0,0.0,0.0,0.0,0.0,0.0,0.0,0.0,0.0,0.0,0.0,0.0,0.0,0.0,0.0,0.0,0.0,0.0,0.0,0.0,0.0,0.0,0.0,0.0,0.0,0.0,0.0,0.0,0.0,0.0,0.0,0.0,0.0,0.0,0.0,0.0,0.0,0.0,0.0,0.0,0.0,0.0,0.0,0.0,0.0,0.0,0.0,0.0,542.0,75.0,0.0
2011,ENERO,0.0,0.0,0.0,0.0,0.0,0.0,0.0,0.0,0.0,0.0,0.0,0.0,0.0,0.0,0.0,0.0,0.0,0.0,0.0,0.0,0.0,0.0,0.0,0.0,0.0,0.0,0.0,0.0,0.0,0.0,0.0,0.0,0.0,0.0,0.0,0.0,0.0,0.0,0.0,0.0,0.0,0.0,0.0,0.0,0.0,0.0,0.0,0.0,0.0,0.0,0.0,0.0,0.0,0.0,0.0,0.0,0.0,446.0,73.0,0.0
2011,FEBRERO,0.0,0.0,0.0,0.0,0.0,0.0,0.0,0.0,0.0,0.0,0.0,0.0,0.0,0.0,0.0,0.0,0.0,0.0,0.0,0.0,0.0,0.0,0.0,0.0,0.0,0.0,0.0,0.0,0.0,0.0,0.0,0.0,0.0,0.0,0.0,0.0,0.0,0.0,0.0,0.0,0.0,0.0,0.0,0.0,0.0,0.0,0.0,0.0,0.0,0.0,0.0,0.0,0.0,0.0,0.0,0.0,0.0,466.0,78.0,0.0
2011,HUANCAVELICA,0.0,0.0,0.0,24.0,0.0,0.0,9.0,0.0,0.0,1.0,0.0,5.0,0.0,2.0,0.0,0.0,0.0,5.0,4.0,0.0,0.0,22.0,6.0,3.0,3.0,5.0,4.0,7.0,0.0,1.0,0.0,0.0,0.0,4.0,0.0,0.0,0.0,30.0,0.0,0.0,0.0,15.0,0.0,0.0,14.0,2.0,0.0,16.0,0.0,4.0,0.0,0.0,5.0,0.0,0.0,2.0,7.0,0.0,0.0,50.0
2011,HUÁNUCO,0.0,0.0,0.0,150.0,0.0,0.0,565.0,0.0,0.0,3.0,0.0,58.0,0.0,20.0,0.0,0.0,0.0,4.0,1.0,0.0,0.0,79.0,91.0,102.0,65.0,84.0,172.0,208.0,0.0,129.0,0.0,0.0,0.0,262.0,0.0,0.0,0.0,249.0,0.0,0.0,0.0,161.0,0.0,0.0,54.0,15.0,4.0,629.0,0.0,18.0,0.0,0.0,16.0,0.0,0.0,24.0,41.0,0.0,0.0,801.0
2011,ICA,3.0,0.0,0.0,179.0,0.0,0.0,598.0,0.0,0.0,21.0,0.0,609.0,4.0,147.0,0.0,0.0,0.0,16.0,7.0,0.0,0.0,181.0,211.0,188.0,222.0,194.0,302.0,286.0,0.0,152.0,0.0,0.0,0.0,563.0,0.0,0.0,0.0,523.0,0.0,0.0,0.0,346.0,0.0,0.0,283.0,48.0,21.0,885.0,0.0,175.0,0.0,0.0,0.0,0.0,8.0,102.0,62.0,0.0,0.0,1584.0
2011,JULIO,0.0,0.0,0.0,0.0,0.0,0.0,0.0,0.0,0.0,0.0,0.0,0.0,0.0,0.0,0.0,0.0,0.0,0.0,0.0,0.0,0.0,0.0,0.0,0.0,0.0,0.0,0.0,0.0,0.0,0.0,0.0,0.0,0.0,0.0,0.0,0.0,0.0,0.0,0.0,0.0,0.0,0.0,0.0,0.0,0.0,0.0,0.0,0.0,0.0,0.0,0.0,0.0,0.0,0.0,0.0,0.0,0.0,493.0,69.0,0.0
2011,JUNIN,10.0,0.0,0.0,225.0,0.0,27.0,695.0,0.0,27.0,68.0,0.0,488.0,49.0,216.0,0.0,0.0,0.0,137.0,86.0,110.0,0.0,392.0,294.0,232.0,233.0,259.0,409.0,319.0,0.0,344.0,0.0,0.0,0.0,521.0,0.0,0.0,0.0,740.0,0.0,0.0,0.0,533.0,0.0,0.0,523.0,133.0,57.0,892.0,0.0,208.0,0.0,0.0,189.0,0.0,5.0,35.0,96.0,0.0,0.0,2138.0
2011,JUNIO,0.0,0.0,0.0,0.0,0.0,0.0,0.0,0.0,0.0,0.0,0.0,0.0,0.0,0.0,0.0,0.0,0.0,0.0,0.0,0.0,0.0,0.0,0.0,0.0,0.0,0.0,0.0,0.0,0.0,0.0,0.0,0.0,0.0,0.0,0.0,0.0,0.0,0.0,0.0,0.0,0.0,0.0,0.0,0.0,0.0,0.0,0.0,0.0,0.0,0.0,0.0,0.0,0.0,0.0,0.0,0.0,0.0,379.0,71.0,0.0
2011,LA LIBERTAD,30.0,0.0,0.0,338.0,0.0,24.0,1268.0,0.0,18.0,116.0,0.0,1166.0,124.0,423.0,0.0,0.0,0.0,70.0,178.0,35.0,0.0,461.0,492.0,783.0,485.0,443.0,540.0,586.0,0.0,548.0,0.0,0.0,0.0,1070.0,0.0,0.0,0.0,1286.0,0.0,0.0,0.0,886.0,0.0,0.0,848.0,153.0,134.0,1695.0,0.0,430.0,0.0,0.0,204.0,0.0,10.0,186.0,130.0,0.0,0.0,3790.0
2011,LAMBAYEQUE,30.0,0.0,0.0,298.0,0.0,3.0,513.0,0.0,11.0,105.0,0.0,826.0,38.0,171.0,0.0,0.0,0.0,89.0,33.0,24.0,0.0,321.0,292.0,346.0,257.0,268.0,373.0,284.0,0.0,281.0,0.0,0.0,0.0,700.0,0.0,0.0,0.0,695.0,0.0,0.0,0.0,465.0,0.0,0.0,381.0,138.0,42.0,1062.0,0.0,211.0,0.0,0.0,204.0,0.0,7.0,39.0,57.0,0.0,0.0,2141.0
2011,LIMA,1246.0,0.0,0.0,4038.0,0.0,231.0,16680.0,0.0,210.0,1463.0,0.0,11879.0,1329.0,3541.0,0.0,0.0,0.0,8272.0,521.0,467.0,0.0,5552.0,6841.0,6992.0,6258.0,6237.0,9293.0,8704.0,0.0,6841.0,0.0,0.0,0.0,16352.0,0.0,0.0,0.0,14438.0,0.0,0.0,0.0,12246.0,0.0,0.0,8357.0,2214.0,1601.0,25265.0,0.0,6959.0,0.0,0.0,0.0,0.0,50.0,4543.0,888.0,0.0,0.0,49877.0
2011,LORETO,28.0,0.0,0.0,182.0,0.0,11.0,285.0,0.0,5.0,14.0,0.0,201.0,13.0,51.0,0.0,0.0,0.0,2.0,25.0,3.0,0.0,140.0,106.0,66.0,72.0,91.0,201.0,144.0,0.0,195.0,0.0,0.0,0.0,175.0,0.0,0.0,0.0,230.0,0.0,0.0,0.0,220.0,0.0,0.0,169.0,112.0,18.0,290.0,0.0,118.0,0.0,0.0,68.0,0.0,1.0,21.0,23.0,0.0,0.0,820.0
2011,MADRE DE DIOS,0.0,0.0,0.0,20.0,0.0,0.0,20.0,0.0,0.0,5.0,0.0,21.0,0.0,6.0,0.0,0.0,0.0,7.0,1.0,0.0,0.0,6.0,10.0,1.0,5.0,11.0,26.0,21.0,0.0,13.0,0.0,0.0,0.0,11.0,0.0,0.0,0.0,27.0,0.0,0.0,0.0,29.0,0.0,0.0,8.0,2.0,1.0,38.0,0.0,2.0,0.0,0.0,0.0,0.0,0.0,24.0,5.0,0.0,0.0,80.0
2011,MARZO,0.0,0.0,0.0,0.0,0.0,0.0,0.0,0.0,0.0,0.0,0.0,0.0,0.0,0.0,0.0,0.0,0.0,0.0,0.0,0.0,0.0,0.0,0.0,0.0,0.0,0.0,0.0,0.0,0.0,0.0,0.0,0.0,0.0,0.0,0.0,0.0,0.0,0.0,0.0,0.0,0.0,0.0,0.0,0.0,0.0,0.0,0.0,0.0,0.0,0.0,0.0,0.0,0.0,0.0,0.0,0.0,0.0,583.0,42.0,0.0
2011,MAYO,0.0,0.0,0.0,0.0,0.0,0.0,0.0,0.0,0.0,0.0,0.0,0.0,0.0,0.0,0.0,0.0,0.0,0.0,0.0,0.0,0.0,0.0,0.0,0.0,0.0,0.0,0.0,0.0,0.0,0.0,0.0,0.0,0.0,0.0,0.0,0.0,0.0,0.0,0.0,0.0,0.0,0.0,0.0,0.0,0.0,0.0,0.0,0.0,0.0,0.0,0.0,0.0,0.0,0.0,0.0,0.0,0.0,335.0,55.0,0.0
2011,MOQUEGUA,5.0,0.0,0.0,91.0,0.0,0.0,209.0,0.0,8.0,21.0,0.0,196.0,3.0,24.0,0.0,0.0,0.0,151.0,11.0,43.0,0.0,86.0,114.0,96.0,101.0,105.0,134.0,126.0,0.0,129.0,0.0,0.0,0.0,242.0,0.0,0.0,0.0,224.0,0.0,0.0,0.0,167.0,0.0,0.0,117.0,26.0,18.0,389.0,0.0,69.0,0.0,0.0,62.0,0.0,58.0,10.0,13.0,0.0,0.0,762.0
2011,NOVIEMBRE,0.0,0.0,0.0,0.0,0.0,0.0,0.0,0.0,0.0,0.0,0.0,0.0,0.0,0.0,0.0,0.0,0.0,0.0,0.0,0.0,0.0,0.0,0.0,0.0,0.0,0.0,0.0,0.0,0.0,0.0,0.0,0.0,0.0,0.0,0.0,0.0,0.0,0.0,0.0,0.0,0.0,0.0,0.0,0.0,0.0,0.0,0.0,0.0,0.0,0.0,0.0,0.0,0.0,0.0,0.0,0.0,0.0,487.0,56.0,0.0
2011,OCTUBRE,0.0,0.0,0.0,0.0,0.0,0.0,0.0,0.0,0.0,0.0,0.0,0.0,0.0,0.0,0.0,0.0,0.0,0.0,0.0,0.0,0.0,0.0,0.0,0.0,0.0,0.0,0.0,0.0,0.0,0.0,0.0,0.0,0.0,0.0,0.0,0.0,0.0,0.0,0.0,0.0,0.0,0.0,0.0,0.0,0.0,0.0,0.0,0.0,0.0,0.0,0.0,0.0,0.0,0.0,0.0,0.0,0.0,404.0,68.0,0.0
2011,PASCO,7.0,0.0,0.0,3.0,0.0,6.0,89.0,0.0,5.0,10.0,0.0,40.0,2.0,11.0,0.0,0.0,0.0,22.0,16.0,5.0,0.0,34.0,27.0,26.0,24.0,33.0,32.0,40.0,0.0,41.0,0.0,0.0,0.0,57.0,0.0,0.0,0.0,78.0,0.0,0.0,0.0,40.0,0.0,0.0,20.0,6.0,0.0,97.0,0.0,11.0,0.0,0.0,27.0,0.0,10.0,31.0,14.0,0.0,0.0,216.0
2011,PIURA,11.0,0.0,0.0,164.0,0.0,62.0,694.0,0.0,0.0,45.0,0.0,529.0,33.0,189.0,0.0,0.0,0.0,40.0,54.0,3.0,0.0,217.0,158.0,356.0,204.0,196.0,360.0,333.0,0.0,273.0,0.0,0.0,0.0,457.0,0.0,0.0,0.0,600.0,0.0,0.0,0.0,494.0,0.0,0.0,254.0,134.0,10.0,857.0,0.0,391.0,0.0,0.0,12.0,0.0,4.0,121.0,41.0,0.0,0.0,1824.0
2011,PUNO,30.0,0.0,0.0,209.0,0.0,3.0,494.0,0.0,5.0,14.0,0.0,293.0,24.0,140.0,0.0,0.0,0.0,127.0,21.0,6.0,0.0,125.0,191.0,206.0,225.0,182.0,214.0,225.0,0.0,265.0,0.0,0.0,0.0,396.0,0.0,0.0,0.0,376.0,0.0,0.0,0.0,331.0,0.0,0.0,226.0,129.0,23.0,503.0,0.0,223.0,0.0,0.0,0.0,0.0,7.0,187.0,70.0,0.0,0.0,1368.0
2011,SAN MARTÍN,18.0,0.0,0.0,88.0,0.0,4.0,326.0,0.0,8.0,20.0,0.0,236.0,4.0,101.0,0.0,0.0,0.0,87.0,10.0,9.0,0.0,207.0,122.0,88.0,76.0,79.0,214.0,125.0,0.0,167.0,0.0,0.0,0.0,170.0,0.0,0.0,0.0,299.0,0.0,0.0,0.0,275.0,0.0,0.0,124.0,38.0,6.0,403.0,0.0,103.0,0.0,0.0,157.0,0.0,0.0,65.0,15.0,0.0,0.0,911.0
2011,SETIEMBRE,0.0,0.0,0.0,0.0,0.0,0.0,0.0,0.0,0.0,0.0,0.0,0.0,0.0,0.0,0.0,0.0,0.0,0.0,0.0,0.0,0.0,0.0,0.0,0.0,0.0,0.0,0.0,0.0,0.0,0.0,0.0,0.0,0.0,0.0,0.0,0.0,0.0,0.0,0.0,0.0,0.0,0.0,0.0,0.0,0.0,0.0,0.0,0.0,0.0,0.0,0.0,0.0,0.0,0.0,0.0,0.0,0.0,376.0,55.0,0.0
2011,TACNA,29.0,0.0,0.0,211.0,0.0,10.0,343.0,0.0,13.0,20.0,0.0,450.0,28.0,57.0,0.0,0.0,0.0,61.0,36.0,31.0,0.0,160.0,190.0,155.0,158.0,148.0,236.0,242.0,0.0,240.0,0.0,0.0,0.0,351.0,0.0,0.0,0.0,392.0,0.0,0.0,0.0,306.0,0.0,0.0,213.0,43.0,39.0,694.0,0.0,98.0,0.0,0.0,92.0,0.0,55.0,29.0,26.0,0.0,0.0,1289.0
2011,TOTAL,1775.0,0.0,0.0,8849.0,0.0,460.0,27375.0,0.0,353.0,2342.0,0.0,23266.0,1933.0,6435.0,0.0,0.0,0.0,9999.0,1212.0,872.0,0.0,10195.0,11370.0,11897.0,10516.0,10593.0,15694.0,14606.0,0.0,12328.0,0.0,0.0,0.0,26186.0,0.0,0.0,0.0,25567.0,0.0,0.0,0.0,20790.0,0.0,0.0,14745.0,3809.0,2526.0,41470.0,0.0,10994.0,0.0,0.0,1917.0,0.0,369.0,6976.0,2065.0,5640.0,772.0,0.0
2011,TOTAL ANUAL,0.0,0.0,0.0,0.0,0.0,0.0,84871.0,0.0,0.0,0.0,0.0,0.0,0.0,0.0,0.0,0.0,0.0,0.0,0.0,0.0,0.0,0.0,0.0,84871.0,0.0,0.0,0.0,0.0,0.0,0.0,0.0,0.0,0.0,84871.0,0.0,0.0,0.0,0.0,0.0,0.0,0.0,0.0,0.0,0.0,84871.0,0.0,0.0,0.0,0.0,0.0,0.0,0.0,0.0,0.0,0.0,0.0,0.0,0.0,0.0,0.0
2011,TOTAL SINIESTROS DE TRÁNSITO,0.0,0.0,0.0,0.0,0.0,0.0,0.0,0.0,0.0,0.0,0.0,0.0,0.0,0.0,0.0,0.0,0.0,0.0,0.0,0.0,0.0,0.0,0.0,0.0,0.0,0.0,0.0,0.0,0.0,0.0,0.0,0.0,0.0,0.0,0.0,0.0,0.0,0.0,0.0,0.0,0.0,0.0,0.0,0.0,0.0,0.0,0.0,0.0,0.0,0.0,0.0,0.0,0.0,0.0,0.0,0.0,0.0,0.0,0.0,84871.0
2011,TUMBES,0.0,0.0,0.0,31.0,0.0,3.0,60.0,0.0,0.0,10.0,0.0,138.0,3.0,28.0,0.0,0.0,0.0,40.0,3.0,2.0,0.0,52.0,50.0,40.0,43.0,34.0,50.0,49.0,0.0,15.0,0.0,0.0,0.0,83.0,0.0,0.0,0.0,120.0,0.0,0.0,0.0,100.0,0.0,0.0,55.0,8.0,5.0,183.0,0.0,24.0,0.0,0.0,37.0,0.0,0.0,2.0,4.0,0.0,0.0,318.0
2011,UCAYALI,34.0,0.0,0.0,247.0,0.0,8.0,256.0,0.0,0.0,30.0,0.0,447.0,2.0,51.0,0.0,0.0,0.0,34.0,28.0,6.0,0.0,210.0,130.0,164.0,149.0,127.0,184.0,179.0,0.0,207.0,0.0,0.0,0.0,297.0,0.0,0.0,0.0,354.0,0.0,0.0,0.0,285.0,0.0,0.0,140.0,38.0,4.0,714.0,0.0,121.0,0.0,0.0,88.0,0.0,3.0,16.0,19.0,0.0,0.0,1143.0
2012,ABRIL,0.0,0.0,0.0,0.0,0.0,0.0,0.0,0.0,0.0,0.0,0.0,0.0,0.0,0.0,0.0,0.0,0.0,0.0,0.0,0.0,0.0,0.0,0.0,0.0,0.0,0.0,0.0,0.0,0.0,0.0,0.0,0.0,0.0,0.0,0.0,0.0,0.0,0.0,0.0,0.0,0.0,0.0,0.0,0.0,0.0,0.0,0.0,0.0,0.0,0.0,0.0,0.0,0.0,0.0,0.0,0.0,0.0,478.0,70.0,0.0
2012,AGOSTO,0.0,0.0,0.0,0.0,0.0,0.0,0.0,0.0,0.0,0.0,0.0,0.0,0.0,0.0,0.0,0.0,0.0,0.0,0.0,0.0,0.0,0.0,0.0,0.0,0.0,0.0,0.0,0.0,0.0,0.0,0.0,0.0,0.0,0.0,0.0,0.0,0.0,0.0,0.0,0.0,0.0,0.0,0.0,0.0,0.0,0.0,0.0,0.0,0.0,0.0,0.0,0.0,0.0,0.0,0.0,0.0,0.0,404.0,46.0,0.0
2012,AMAZONAS,1.0,0.0,0.0,72.0,0.0,1.0,212.0,0.0,0.0,24.0,0.0,102.0,1.0,23.0,0.0,0.0,0.0,37.0,13.0,1.0,0.0,85.0,61.0,39.0,56.0,65.0,102.0,79.0,0.0,60.0,0.0,0.0,0.0,95.0,0.0,0.0,0.0,170.0,0.0,0.0,0.0,162.0,0.0,0.0,61.0,42.0,5.0,191.0,0.0,57.0,0.0,0.0,77.0,0.0,1.0,15.0,38.0,0.0,0.0,487.0
2012,ANCASH,35.0,0.0,0.0,245.0,0.0,16.0,647.0,0.0,13.0,80.0,0.0,789.0,67.0,193.0,0.0,0.0,0.0,169.0,34.0,10.0,0.0,365.0,255.0,247.0,246.0,251.0,477.0,457.0,0.0,395.0,0.0,0.0,0.0,590.0,0.0,0.0,0.0,749.0,0.0,0.0,0.0,564.0,0.0,0.0,415.0,84.0,85.0,1011.0,0.0,299.0,0.0,0.0,0.0,0.0,11.0,267.0,126.0,0.0,0.0,2298.0
2012,APURIMAC,6.0,0.0,0.0,90.0,0.0,8.0,189.0,0.0,0.0,14.0,0.0,212.0,10.0,58.0,0.0,0.0,0.0,16.0,13.0,0.0,0.0,93.0,86.0,73.0,48.0,59.0,106.0,151.0,0.0,128.0,0.0,0.0,0.0,186.0,0.0,0.0,0.0,199.0,0.0,0.0,0.0,103.0,0.0,0.0,136.0,40.0,9.0,282.0,0.0,87.0,0.0,0.0,0.0,0.0,0.0,19.0,43.0,0.0,0.0,616.0
2012,AREQUIPA,21.0,0.0,0.0,733.0,0.0,11.0,1524.0,0.0,2.0,119.0,0.0,2509.0,73.0,419.0,0.0,0.0,0.0,166.0,116.0,11.0,0.0,798.0,743.0,809.0,769.0,744.0,990.0,851.0,0.0,829.0,0.0,0.0,0.0,1653.0,0.0,0.0,0.0,1910.0,0.0,0.0,0.0,1312.0,0.0,0.0,975.0,151.0,231.0,2932.0,0.0,578.0,0.0,0.0,13.0,0.0,159.0,514.0,151.0,0.0,0.0,5704.0
2012,AYACUCHO,7.0,0.0,0.0,211.0,0.0,2.0,219.0,0.0,1.0,17.0,0.0,347.0,11.0,43.0,0.0,0.0,0.0,27.0,18.0,7.0,0.0,115.0,110.0,145.0,105.0,107.0,181.0,147.0,0.0,105.0,0.0,0.0,0.0,267.0,0.0,0.0,0.0,318.0,0.0,0.0,0.0,220.0,0.0,0.0,143.0,13.0,16.0,287.0,0.0,50.0,0.0,0.0,8.0,0.0,2.0,319.0,72.0,0.0,0.0,910.0
2012,CAJAMARCA,228.0,0.0,0.0,995.0,0.0,7.0,544.0,0.0,3.0,65.0,0.0,680.0,59.0,221.0,0.0,0.0,0.0,225.0,74.0,85.0,0.0,428.0,423.0,433.0,385.0,390.0,608.0,519.0,0.0,561.0,0.0,0.0,0.0,685.0,0.0,0.0,0.0,911.0,0.0,0.0,0.0,1029.0,0.0,0.0,408.0,159.0,44.0,920.0,0.0,338.0,0.0,0.0,596.0,0.0,151.0,471.0,99.0,0.0,0.0,3186.0
2012,CALLAO,38.0,0.0,0.0,174.0,0.0,27.0,1068.0,0.0,6.0,173.0,0.0,1428.0,65.0,280.0,0.0,0.0,0.0,165.0,92.0,38.0,0.0,368.0,493.0,476.0,410.0,508.0,643.0,656.0,0.0,403.0,0.0,0.0,0.0,1170.0,0.0,0.0,0.0,1147.0,0.0,0.0,0.0,834.0,0.0,0.0,627.0,115.0,177.0,1535.0,0.0,603.0,0.0,0.0,305.0,0.0,4.0,151.0,37.0,0.0,0.0,3554.0
2012,CUSCO,31.0,0.0,0.0,454.0,0.0,15.0,715.0,0.0,16.0,18.0,0.0,386.0,14.0,140.0,0.0,0.0,0.0,87.0,17.0,64.0,0.0,175.0,273.0,177.0,183.0,245.0,434.0,470.0,0.0,332.0,0.0,0.0,0.0,538.0,0.0,0.0,0.0,640.0,0.0,0.0,0.0,447.0,0.0,0.0,511.0,83.0,35.0,590.0,0.0,174.0,0.0,0.0,163.0,0.0,49.0,269.0,83.0,0.0,0.0,1957.0
2012,DICIEMBRE,0.0,0.0,0.0,0.0,0.0,0.0,0.0,0.0,0.0,0.0,0.0,0.0,0.0,0.0,0.0,0.0,0.0,0.0,0.0,0.0,0.0,0.0,0.0,0.0,0.0,0.0,0.0,0.0,0.0,0.0,0.0,0.0,0.0,0.0,0.0,0.0,0.0,0.0,0.0,0.0,0.0,0.0,0.0,0.0,0.0,0.0,0.0,0.0,0.0,0.0,0.0,0.0,0.0,0.0,0.0,0.0,0.0,562.0,84.0,0.0
2012,ENERO,0.0,0.0,0.0,0.0,0.0,0.0,0.0,0.0,0.0,0.0,0.0,0.0,0.0,0.0,0.0,0.0,0.0,0.0,0.0,0.0,0.0,0.0,0.0,0.0,0.0,0.0,0.0,0.0,0.0,0.0,0.0,0.0,0.0,0.0,0.0,0.0,0.0,0.0,0.0,0.0,0.0,0.0,0.0,0.0,0.0,0.0,0.0,0.0,0.0,0.0,0.0,0.0,0.0,0.0,0.0,0.0,0.0,785.0,118.0,0.0
2012,FEBRERO,0.0,0.0,0.0,0.0,0.0,0.0,0.0,0.0,0.0,0.0,0.0,0.0,0.0,0.0,0.0,0.0,0.0,0.0,0.0,0.0,0.0,0.0,0.0,0.0,0.0,0.0,0.0,0.0,0.0,0.0,0.0,0.0,0.0,0.0,0.0,0.0,0.0,0.0,0.0,0.0,0.0,0.0,0.0,0.0,0.0,0.0,0.0,0.0,0.0,0.0,0.0,0.0,0.0,0.0,0.0,0.0,0.0,620.0,80.0,0.0
2012,HUANCAVELICA,5.0,0.0,0.0,22.0,0.0,0.0,90.0,0.0,0.0,9.0,0.0,21.0,1.0,14.0,0.0,0.0,0.0,10.0,2.0,0.0,0.0,14.0,13.0,30.0,64.0,20.0,15.0,18.0,0.0,22.0,0.0,0.0,0.0,48.0,0.0,0.0,0.0,62.0,0.0,0.0,0.0,42.0,0.0,0.0,38.0,1.0,0.0,58.0,0.0,2.0,0.0,0.0,36.0,0.0,0.0,9.0,30.0,0.0,0.0,174.0
2012,HUÁNUCO,0.0,0.0,0.0,156.0,0.0,1.0,713.0,0.0,4.0,13.0,0.0,105.0,2.0,33.0,0.0,0.0,0.0,40.0,3.0,0.0,0.0,119.0,109.0,185.0,108.0,105.0,226.0,218.0,0.0,180.0,0.0,0.0,0.0,343.0,0.0,0.0,0.0,313.0,0.0,0.0,0.0,234.0,0.0,0.0,68.0,24.0,2.0,823.0,0.0,12.0,0.0,0.0,70.0,0.0,2.0,29.0,40.0,0.0,0.0,1070.0
2012,ICA,8.0,0.0,0.0,222.0,0.0,2.0,577.0,0.0,7.0,5.0,0.0,625.0,11.0,122.0,0.0,0.0,0.0,25.0,29.0,2.0,0.0,206.0,199.0,176.0,210.0,197.0,323.0,324.0,0.0,177.0,0.0,0.0,0.0,512.0,0.0,0.0,0.0,557.0,0.0,0.0,0.0,389.0,0.0,0.0,254.0,62.0,10.0,920.0,0.0,187.0,0.0,0.0,0.0,0.0,1.0,157.0,44.0,0.0,0.0,1635.0
2012,JULIO,0.0,0.0,0.0,0.0,0.0,0.0,0.0,0.0,0.0,0.0,0.0,0.0,0.0,0.0,0.0,0.0,0.0,0.0,0.0,0.0,0.0,0.0,0.0,0.0,0.0,0.0,0.0,0.0,0.0,0.0,0.0,0.0,0.0,0.0,0.0,0.0,0.0,0.0,0.0,0.0,0.0,0.0,0.0,0.0,0.0,0.0,0.0,0.0,0.0,0.0,0.0,0.0,0.0,0.0,0.0,0.0,0.0,323.0,62.0,0.0
2012,JUNIN,6.0,0.0,0.0,307.0,0.0,19.0,1098.0,0.0,16.0,32.0,0.0,840.0,25.0,436.0,0.0,0.0,0.0,268.0,72.0,54.0,0.0,515.0,390.0,438.0,371.0,417.0,561.0,481.0,0.0,518.0,0.0,0.0,0.0,751.0,0.0,0.0,0.0,1053.0,0.0,0.0,0.0,851.0,0.0,0.0,772.0,146.0,85.0,1328.0,0.0,263.0,0.0,0.0,346.0,0.0,5.0,93.0,135.0,0.0,0.0,3173.0
2012,JUNIO,0.0,0.0,0.0,0.0,0.0,0.0,0.0,0.0,0.0,0.0,0.0,0.0,0.0,0.0,0.0,0.0,0.0,0.0,0.0,0.0,0.0,0.0,0.0,0.0,0.0,0.0,0.0,0.0,0.0,0.0,0.0,0.0,0.0,0.0,0.0,0.0,0.0,0.0,0.0,0.0,0.0,0.0,0.0,0.0,0.0,0.0,0.0,0.0,0.0,0.0,0.0,0.0,0.0,0.0,0.0,0.0,0.0,373.0,57.0,0.0
2012,LA LIBERTAD,24.0,0.0,0.0,406.0,0.0,49.0,1815.0,0.0,24.0,133.0,0.0,1383.0,121.0,452.0,0.0,0.0,0.0,40.0,146.0,28.0,0.0,666.0,549.0,836.0,592.0,520.0,751.0,707.0,0.0,613.0,0.0,0.0,0.0,1328.0,0.0,0.0,0.0,1615.0,0.0,0.0,0.0,1065.0,0.0,0.0,911.0,178.0,138.0,2257.0,0.0,455.0,0.0,0.0,331.0,0.0,8.0,183.0,160.0,0.0,0.0,4621.0
2012,LAMBAYEQUE,22.0,0.0,0.0,378.0,0.0,5.0,851.0,0.0,6.0,70.0,0.0,1020.0,62.0,320.0,0.0,0.0,0.0,122.0,47.0,24.0,0.0,532.0,321.0,416.0,382.0,338.0,492.0,446.0,0.0,348.0,0.0,0.0,0.0,884.0,0.0,0.0,0.0,1003.0,0.0,0.0,0.0,692.0,0.0,0.0,556.0,157.0,48.0,1554.0,0.0,225.0,0.0,0.0,278.0,0.0,2.0,42.0,65.0,0.0,0.0,2927.0
2012,LIMA,1370.0,0.0,0.0,4646.0,0.0,270.0,17712.0,0.0,222.0,1329.0,0.0,12056.0,1388.0,3910.0,0.0,0.0,0.0,8570.0,644.0,464.0,0.0,5899.0,6932.0,7301.0,6307.0,6644.0,10329.0,9169.0,0.0,8262.0,0.0,0.0,0.0,15426.0,0.0,0.0,0.0,15165.0,0.0,0.0,0.0,13728.0,0.0,0.0,8500.0,1877.0,1658.0,25572.0,0.0,7497.0,0.0,0.0,0.0,0.0,169.0,6356.0,952.0,0.0,0.0,52581.0
2012,LORETO,7.0,0.0,0.0,115.0,0.0,0.0,138.0,0.0,3.0,8.0,0.0,119.0,3.0,26.0,0.0,0.0,0.0,7.0,40.0,3.0,0.0,66.0,57.0,39.0,32.0,59.0,135.0,81.0,0.0,105.0,0.0,0.0,0.0,93.0,0.0,0.0,0.0,115.0,0.0,0.0,0.0,156.0,0.0,0.0,53.0,19.0,3.0,173.0,0.0,96.0,0.0,0.0,80.0,0.0,0.0,32.0,13.0,0.0,0.0,469.0
2012,MADRE DE DIOS,0.0,0.0,0.0,44.0,0.0,0.0,87.0,0.0,0.0,1.0,0.0,7.0,0.0,4.0,0.0,0.0,0.0,5.0,0.0,0.0,0.0,6.0,4.0,3.0,2.0,0.0,82.0,51.0,0.0,13.0,0.0,0.0,0.0,13.0,0.0,0.0,0.0,33.0,0.0,0.0,0.0,89.0,0.0,0.0,7.0,1.0,0.0,86.0,0.0,0.0,0.0,0.0,0.0,0.0,0.0,49.0,5.0,0.0,0.0,148.0
2012,MARZO,0.0,0.0,0.0,0.0,0.0,0.0,0.0,0.0,0.0,0.0,0.0,0.0,0.0,0.0,0.0,0.0,0.0,0.0,0.0,0.0,0.0,0.0,0.0,0.0,0.0,0.0,0.0,0.0,0.0,0.0,0.0,0.0,0.0,0.0,0.0,0.0,0.0,0.0,0.0,0.0,0.0,0.0,0.0,0.0,0.0,0.0,0.0,0.0,0.0,0.0,0.0,0.0,0.0,0.0,0.0,0.0,0.0,422.0,64.0,0.0
2012,MAYO,0.0,0.0,0.0,0.0,0.0,0.0,0.0,0.0,0.0,0.0,0.0,0.0,0.0,0.0,0.0,0.0,0.0,0.0,0.0,0.0,0.0,0.0,0.0,0.0,0.0,0.0,0.0,0.0,0.0,0.0,0.0,0.0,0.0,0.0,0.0,0.0,0.0,0.0,0.0,0.0,0.0,0.0,0.0,0.0,0.0,0.0,0.0,0.0,0.0,0.0,0.0,0.0,0.0,0.0,0.0,0.0,0.0,217.0,57.0,0.0
2012,MOQUEGUA,0.0,0.0,0.0,70.0,0.0,2.0,195.0,0.0,2.0,33.0,0.0,232.0,2.0,30.0,0.0,0.0,0.0,186.0,9.0,0.0,0.0,110.0,94.0,105.0,108.0,96.0,131.0,117.0,0.0,149.0,0.0,0.0,0.0,225.0,0.0,0.0,0.0,212.0,0.0,0.0,0.0,175.0,0.0,0.0,132.0,29.0,13.0,377.0,0.0,49.0,0.0,0.0,125.0,0.0,5.0,12.0,19.0,0.0,0.0,761.0
2012,NOVIEMBRE,0.0,0.0,0.0,0.0,0.0,0.0,0.0,0.0,0.0,0.0,0.0,0.0,0.0,0.0,0.0,0.0,0.0,0.0,0.0,0.0,0.0,0.0,0.0,0.0,0.0,0.0,0.0,0.0,0.0,0.0,0.0,0.0,0.0,0.0,0.0,0.0,0.0,0.0,0.0,0.0,0.0,0.0,0.0,0.0,0.0,0.0,0.0,0.0,0.0,0.0,0.0,0.0,0.0,0.0,0.0,0.0,0.0,276.0,67.0,0.0
2012,OCTUBRE,0.0,0.0,0.0,0.0,0.0,0.0,0.0,0.0,0.0,0.0,0.0,0.0,0.0,0.0,0.0,0.0,0.0,0.0,0.0,0.0,0.0,0.0,0.0,0.0,0.0,0.0,0.0,0.0,0.0,0.0,0.0,0.0,0.0,0.0,0.0,0.0,0.0,0.0,0.0,0.0,0.0,0.0,0.0,0.0,0.0,0.0,0.0,0.0,0.0,0.0,0.0,0.0,0.0,0.0,0.0,0.0,0.0,364.0,81.0,0.0
2012,PASCO,9.0,0.0,0.0,0.0,0.0,5.0,62.0,0.0,0.0,3.0,0.0,25.0,1.0,16.0,0.0,0.0,0.0,9.0,12.0,1.0,0.0,19.0,27.0,14.0,15.0,20.0,19.0,29.0,0.0,27.0,0.0,0.0,0.0,39.0,0.0,0.0,0.0,58.0,0.0,0.0,0.0,19.0,0.0,0.0,21.0,2.0,1.0,76.0,0.0,3.0,0.0,0.0,19.0,0.0,4.0,6.0,11.0,0.0,0.0,143.0
2012,PIURA,88.0,0.0,0.0,411.0,0.0,90.0,886.0,0.0,26.0,142.0,0.0,871.0,133.0,308.0,0.0,0.0,0.0,134.0,202.0,9.0,0.0,448.0,359.0,547.0,390.0,364.0,638.0,554.0,0.0,520.0,0.0,0.0,0.0,907.0,0.0,0.0,0.0,956.0,0.0,0.0,0.0,917.0,0.0,0.0,414.0,310.0,42.0,1588.0,0.0,604.0,0.0,0.0,26.0,0.0,1.0,223.0,92.0,0.0,0.0,3300.0
2012,PUNO,7.0,0.0,0.0,157.0,0.0,0.0,380.0,0.0,3.0,13.0,0.0,221.0,36.0,109.0,0.0,0.0,0.0,29.0,12.0,7.0,0.0,92.0,132.0,120.0,151.0,128.0,183.0,168.0,0.0,162.0,0.0,0.0,0.0,255.0,0.0,0.0,0.0,321.0,0.0,0.0,0.0,236.0,0.0,0.0,203.0,88.0,14.0,360.0,0.0,140.0,0.0,0.0,0.0,0.0,2.0,101.0,66.0,0.0,0.0,974.0
2012,SAN MARTÍN,19.0,0.0,0.0,80.0,0.0,0.0,405.0,0.0,5.0,18.0,0.0,333.0,0.0,74.0,0.0,0.0,0.0,94.0,22.0,7.0,0.0,189.0,173.0,105.0,83.0,111.0,262.0,134.0,0.0,153.0,0.0,0.0,0.0,256.0,0.0,0.0,0.0,338.0,0.0,0.0,0.0,310.0,0.0,0.0,128.0,37.0,27.0,471.0,0.0,79.0,0.0,0.0,226.0,0.0,13.0,54.0,22.0,0.0,0.0,1057.0
2012,SETIEMBRE,0.0,0.0,0.0,0.0,0.0,0.0,0.0,0.0,0.0,0.0,0.0,0.0,0.0,0.0,0.0,0.0,0.0,0.0,0.0,0.0,0.0,0.0,0.0,0.0,0.0,0.0,0.0,0.0,0.0,0.0,0.0,0.0,0.0,0.0,0.0,0.0,0.0,0.0,0.0,0.0,0.0,0.0,0.0,0.0,0.0,0.0,0.0,0.0,0.0,0.0,0.0,0.0,0.0,0.0,0.0,0.0,0.0,330.0,71.0,0.0
2012,TACNA,7.0,0.0,0.0,211.0,0.0,1.0,442.0,0.0,5.0,33.0,0.0,498.0,40.0,107.0,0.0,0.0,0.0,87.0,30.0,4.0,0.0,198.0,175.0,197.0,136.0,175.0,298.0,286.0,0.0,186.0,0.0,0.0,0.0,391.0,0.0,0.0,0.0,529.0,0.0,0.0,0.0,359.0,0.0,0.0,276.0,52.0,48.0,746.0,0.0,141.0,0.0,0.0,117.0,0.0,48.0,15.0,22.0,0.0,0.0,1465.0
2012,TOTAL,1964.0,0.0,0.0,10468.0,0.0,535.0,31087.0,0.0,367.0,2377.0,0.0,25363.0,2136.0,7437.0,0.0,0.0,0.0,10698.0,1656.0,835.0,0.0,11775.0,12166.0,13119.0,11336.0,11734.0,18387.0,16406.0,0.0,14507.0,0.0,0.0,0.0,27083.0,0.0,0.0,0.0,28908.0,0.0,0.0,0.0,24425.0,0.0,0.0,15888.0,3758.0,2698.0,45038.0,0.0,12105.0,0.0,0.0,3003.0,0.0,640.0,9441.0,2352.0,5154.0,857.0,0.0
2012,TOTAL ANUAL,0.0,0.0,0.0,0.0,0.0,0.0,94923.0,0.0,0.0,0.0,0.0,0.0,0.0,0.0,0.0,0.0,0.0,0.0,0.0,0.0,0.0,0.0,0.0,94923.0,0.0,0.0,0.0,0.0,0.0,0.0,0.0,0.0,0.0,94923.0,0.0,0.0,0.0,0.0,0.0,0.0,0.0,0.0,0.0,0.0,94923.0,0.0,0.0,0.0,0.0,0.0,0.0,0.0,0.0,0.0,0.0,0.0,0.0,0.0,0.0,0.0
2012,TOTAL SINIESTROS DE TRÁNSITO,0.0,0.0,0.0,0.0,0.0,0.0,0.0,0.0,0.0,0.0,0.0,0.0,0.0,0.0,0.0,0.0,0.0,0.0,0.0,0.0,0.0,0.0,0.0,0.0,0.0,0.0,0.0,0.0,0.0,0.0,0.0,0.0,0.0,0.0,0.0,0.0,0.0,0.0,0.0,0.0,0.0,0.0,0.0,0.0,0.0,0.0,0.0,0.0,0.0,0.0,0.0,0.0,0.0,0.0,0.0,0.0,0.0,0.0,0.0,94923.0
2012,TUMBES,4.0,0.0,0.0,56.0,0.0,0.0,146.0,0.0,1.0,14.0,0.0,164.0,8.0,23.0,0.0,0.0,0.0,86.0,2.0,1.0,0.0,83.0,44.0,86.0,68.0,52.0,104.0,68.0,0.0,65.0,0.0,0.0,0.0,135.0,0.0,0.0,0.0,192.0,0.0,0.0,0.0,113.0,0.0,0.0,91.0,33.0,4.0,213.0,0.0,70.0,0.0,0.0,72.0,0.0,0.0,15.0,7.0,0.0,0.0,505.0
2012,UCAYALI,21.0,0.0,0.0,213.0,0.0,4.0,372.0,0.0,2.0,11.0,0.0,390.0,3.0,76.0,0.0,0.0,0.0,94.0,7.0,15.0,0.0,186.0,144.0,122.0,115.0,119.0,297.0,225.0,0.0,194.0,0.0,0.0,0.0,293.0,0.0,0.0,0.0,342.0,0.0,0.0,0.0,379.0,0.0,0.0,188.0,55.0,3.0,688.0,0.0,96.0,0.0,0.0,115.0,0.0,3.0,40.0,20.0,0.0,0.0,1208.0
2013,ABRIL,0.0,0.0,0.0,0.0,0.0,0.0,0.0,0.0,0.0,0.0,0.0,0.0,0.0,0.0,0.0,0.0,0.0,0.0,0.0,0.0,0.0,0.0,0.0,0.0,0.0,0.0,0.0,0.0,0.0,0.0,0.0,0.0,0.0,0.0,0.0,0.0,0.0,0.0,0.0,0.0,0.0,0.0,0.0,0.0,0.0,0.0,0.0,0.0,0.0,0.0,0.0,0.0,0.0,0.0,0.0,0.0,0.0,430.0,84.0,0.0
2013,AGOSTO,0.0,0.0,0.0,0.0,0.0,0.0,0.0,0.0,0.0,0.0,0.0,0.0,0.0,0.0,0.0,0.0,0.0,0.0,0.0,0.0,0.0,0.0,0.0,0.0,0.0,0.0,0.0,0.0,0.0,0.0,0.0,0.0,0.0,0.0,0.0,0.0,0.0,0.0,0.0,0.0,0.0,0.0,0.0,0.0,0.0,0.0,0.0,0.0,0.0,0.0,0.0,0.0,0.0,0.0,0.0,0.0,0.0,590.0,76.0,0.0
2013,AMAZONAS,3.0,0.0,0.0,74.0,0.0,5.0,129.0,0.0,9.0,33.0,0.0,162.0,4.0,55.0,0.0,0.0,0.0,36.0,27.0,5.0,0.0,137.0,63.0,47.0,88.0,46.0,94.0,67.0,0.0,82.0,0.0,0.0,0.0,142.0,0.0,0.0,0.0,179.0,0.0,0.0,0.0,139.0,0.0,0.0,84.0,21.0,17.0,233.0,0.0,69.0,0.0,0.0,68.0,0.0,1.0,19.0,30.0,0.0,0.0,542.0
2013,ANCASH,20.0,0.0,0.0,376.0,0.0,3.0,842.0,0.0,35.0,43.0,0.0,708.0,40.0,207.0,0.0,0.0,0.0,163.0,24.0,15.0,0.0,430.0,312.0,243.0,252.0,314.0,564.0,361.0,0.0,678.0,0.0,0.0,0.0,563.0,0.0,0.0,0.0,658.0,0.0,0.0,0.0,577.0,0.0,0.0,514.0,157.0,34.0,993.0,0.0,393.0,0.0,0.0,11.0,0.0,2.0,299.0,73.0,0.0,0.0,2476.0
2013,APURIMAC,9.0,0.0,0.0,57.0,0.0,10.0,147.0,0.0,7.0,13.0,0.0,186.0,8.0,44.0,0.0,0.0,0.0,19.0,19.0,6.0,0.0,76.0,71.0,65.0,60.0,55.0,98.0,100.0,0.0,83.0,0.0,0.0,0.0,153.0,0.0,0.0,0.0,180.0,0.0,0.0,0.0,109.0,0.0,0.0,84.0,26.0,13.0,213.0,0.0,70.0,0.0,0.0,0.0,0.0,9.0,53.0,57.0,0.0,0.0,525.0
2013,AREQUIPA,21.0,0.0,0.0,1048.0,0.0,14.0,1915.0,0.0,18.0,84.0,0.0,2463.0,71.0,397.0,0.0,0.0,0.0,311.0,68.0,28.0,0.0,887.0,827.0,839.0,840.0,841.0,1148.0,1056.0,0.0,972.0,0.0,0.0,0.0,1905.0,0.0,0.0,0.0,2074.0,0.0,0.0,0.0,1487.0,0.0,0.0,1058.0,193.0,236.0,3384.0,0.0,720.0,0.0,0.0,70.0,0.0,105.0,507.0,165.0,0.0,0.0,6438.0
2013,AYACUCHO,15.0,0.0,0.0,191.0,0.0,3.0,200.0,0.0,3.0,13.0,0.0,425.0,16.0,106.0,0.0,0.0,0.0,65.0,21.0,3.0,0.0,165.0,132.0,118.0,113.0,129.0,225.0,179.0,0.0,151.0,0.0,0.0,0.0,303.0,0.0,0.0,0.0,305.0,0.0,0.0,0.0,301.0,0.0,0.0,174.0,37.0,15.0,335.0,0.0,104.0,0.0,0.0,21.0,0.0,6.0,268.0,101.0,0.0,0.0,1061.0
2013,CAJAMARCA,243.0,0.0,0.0,913.0,0.0,9.0,713.0,0.0,13.0,44.0,0.0,911.0,20.0,138.0,0.0,0.0,0.0,14.0,123.0,15.0,0.0,559.0,420.0,305.0,300.0,330.0,673.0,569.0,0.0,509.0,0.0,0.0,0.0,699.0,0.0,0.0,0.0,996.0,0.0,0.0,0.0,952.0,0.0,0.0,314.0,161.0,33.0,1237.0,0.0,423.0,0.0,0.0,764.0,0.0,4.0,164.0,56.0,0.0,0.0,3156.0
2013,CALLAO,20.0,0.0,0.0,173.0,0.0,3.0,1258.0,0.0,4.0,99.0,0.0,1154.0,79.0,336.0,0.0,0.0,0.0,315.0,80.0,22.0,0.0,363.0,478.0,487.0,473.0,540.0,595.0,607.0,0.0,450.0,0.0,0.0,0.0,1259.0,0.0,0.0,0.0,1021.0,0.0,0.0,0.0,813.0,0.0,0.0,692.0,142.0,135.0,1685.0,0.0,472.0,0.0,0.0,250.0,0.0,2.0,95.0,70.0,0.0,0.0,3543.0
2013,CUSCO,39.0,0.0,0.0,646.0,0.0,6.0,1221.0,0.0,26.0,119.0,0.0,1152.0,69.0,336.0,0.0,0.0,0.0,289.0,62.0,44.0,0.0,507.0,463.0,551.0,480.0,516.0,783.0,709.0,0.0,583.0,0.0,0.0,0.0,1151.0,0.0,0.0,0.0,1249.0,0.0,0.0,0.0,1027.0,0.0,0.0,880.0,160.0,94.0,1563.0,0.0,489.0,0.0,0.0,314.0,0.0,40.0,319.0,150.0,0.0,0.0,4009.0
2013,DICIEMBRE,0.0,0.0,0.0,0.0,0.0,0.0,0.0,0.0,0.0,0.0,0.0,0.0,0.0,0.0,0.0,0.0,0.0,0.0,0.0,0.0,0.0,0.0,0.0,0.0,0.0,0.0,0.0,0.0,0.0,0.0,0.0,0.0,0.0,0.0,0.0,0.0,0.0,0.0,0.0,0.0,0.0,0.0,0.0,0.0,0.0,0.0,0.0,0.0,0.0,0.0,0.0,0.0,0.0,0.0,0.0,0.0,0.0,503.0,95.0,0.0
2013,ENERO,0.0,0.0,0.0,0.0,0.0,0.0,0.0,0.0,0.0,0.0,0.0,0.0,0.0,0.0,0.0,0.0,0.0,0.0,0.0,0.0,0.0,0.0,0.0,0.0,0.0,0.0,0.0,0.0,0.0,0.0,0.0,0.0,0.0,0.0,0.0,0.0,0.0,0.0,0.0,0.0,0.0,0.0,0.0,0.0,0.0,0.0,0.0,0.0,0.0,0.0,0.0,0.0,0.0,0.0,0.0,0.0,0.0,463.0,38.0,0.0
2013,FEBRERO,0.0,0.0,0.0,0.0,0.0,0.0,0.0,0.0,0.0,0.0,0.0,0.0,0.0,0.0,0.0,0.0,0.0,0.0,0.0,0.0,0.0,0.0,0.0,0.0,0.0,0.0,0.0,0.0,0.0,0.0,0.0,0.0,0.0,0.0,0.0,0.0,0.0,0.0,0.0,0.0,0.0,0.0,0.0,0.0,0.0,0.0,0.0,0.0,0.0,0.0,0.0,0.0,0.0,0.0,0.0,0.0,0.0,478.0,61.0,0.0
2013,HUANCAVELICA,0.0,0.0,0.0,5.0,0.0,0.0,28.0,0.0,1.0,4.0,0.0,11.0,0.0,1.0,0.0,0.0,0.0,34.0,2.0,0.0,0.0,11.0,12.0,13.0,9.0,14.0,15.0,12.0,0.0,21.0,0.0,0.0,0.0,21.0,0.0,0.0,0.0,35.0,0.0,0.0,0.0,9.0,0.0,0.0,14.0,2.0,0.0,22.0,0.0,5.0,0.0,0.0,24.0,0.0,1.0,3.0,15.0,0.0,0.0,86.0
2013,HUÁNUCO,3.0,0.0,0.0,430.0,0.0,0.0,996.0,0.0,0.0,0.0,0.0,140.0,0.0,22.0,0.0,0.0,0.0,54.0,3.0,0.0,0.0,247.0,160.0,223.0,153.0,181.0,371.0,313.0,0.0,281.0,0.0,0.0,0.0,479.0,0.0,0.0,0.0,503.0,0.0,0.0,0.0,385.0,0.0,0.0,113.0,13.0,5.0,1045.0,0.0,13.0,0.0,0.0,93.0,0.0,0.0,317.0,49.0,0.0,0.0,1648.0
2013,ICA,11.0,0.0,0.0,207.0,0.0,3.0,660.0,0.0,0.0,23.0,0.0,822.0,23.0,111.0,0.0,0.0,0.0,29.0,16.0,2.0,0.0,214.0,283.0,238.0,249.0,205.0,396.0,322.0,0.0,216.0,0.0,0.0,0.0,558.0,0.0,0.0,0.0,614.0,0.0,0.0,0.0,519.0,0.0,0.0,255.0,75.0,9.0,1103.0,0.0,205.0,0.0,0.0,1.0,0.0,3.0,220.0,36.0,0.0,0.0,907.0
2013,JULIO,0.0,0.0,0.0,0.0,0.0,0.0,0.0,0.0,0.0,0.0,0.0,0.0,0.0,0.0,0.0,0.0,0.0,0.0,0.0,0.0,0.0,0.0,0.0,0.0,0.0,0.0,0.0,0.0,0.0,0.0,0.0,0.0,0.0,0.0,0.0,0.0,0.0,0.0,0.0,0.0,0.0,0.0,0.0,0.0,0.0,0.0,0.0,0.0,0.0,0.0,0.0,0.0,0.0,0.0,0.0,0.0,0.0,449.0,69.0,0.0
2013,JUNIN,58.0,0.0,0.0,181.0,0.0,9.0,1077.0,0.0,4.0,63.0,0.0,987.0,21.0,448.0,0.0,0.0,0.0,690.0,53.0,13.0,0.0,584.0,482.0,432.0,451.0,477.0,685.0,493.0,0.0,595.0,0.0,0.0,0.0,911.0,0.0,0.0,0.0,1158.0,0.0,0.0,0.0,940.0,0.0,0.0,862.0,155.0,124.0,1607.0,0.0,246.0,0.0,0.0,362.0,0.0,6.0,120.0,122.0,0.0,0.0,3604.0
2013,JUNIO,0.0,0.0,0.0,0.0,0.0,0.0,0.0,0.0,0.0,0.0,0.0,0.0,0.0,0.0,0.0,0.0,0.0,0.0,0.0,0.0,0.0,0.0,0.0,0.0,0.0,0.0,0.0,0.0,0.0,0.0,0.0,0.0,0.0,0.0,0.0,0.0,0.0,0.0,0.0,0.0,0.0,0.0,0.0,0.0,0.0,0.0,0.0,0.0,0.0,0.0,0.0,0.0,0.0,0.0,0.0,0.0,0.0,499.0,121.0,0.0
2013,LA LIBERTAD,14.0,0.0,0.0,416.0,0.0,52.0,1898.0,0.0,12.0,128.0,0.0,1213.0,213.0,549.0,0.0,0.0,0.0,38.0,220.0,34.0,0.0,605.0,518.0,934.0,562.0,626.0,859.0,683.0,0.0,809.0,0.0,0.0,0.0,1314.0,0.0,0.0,0.0,1514.0,0.0,0.0,0.0,1150.0,0.0,0.0,828.0,211.0,170.0,2343.0,0.0,635.0,0.0,0.0,339.0,0.0,5.0,95.0,161.0,0.0,0.0,4787.0
2013,LAMBAYEQUE,19.0,0.0,0.0,282.0,0.0,6.0,983.0,0.0,16.0,89.0,0.0,1142.0,73.0,275.0,0.0,0.0,0.0,204.0,68.0,18.0,0.0,533.0,370.0,422.0,416.0,354.0,581.0,499.0,0.0,336.0,0.0,0.0,0.0,919.0,0.0,0.0,0.0,1142.0,0.0,0.0,0.0,778.0,0.0,0.0,597.0,115.0,27.0,1674.0,0.0,376.0,0.0,0.0,292.0,0.0,2.0,49.0,43.0,0.0,0.0,3175.0
2013,LIMA,1346.0,0.0,0.0,5534.0,0.0,264.0,17657.0,0.0,175.0,1310.0,0.0,13720.0,1328.0,4600.0,0.0,0.0,0.0,7248.0,650.0,530.0,0.0,5892.0,7477.0,7416.0,6735.0,6989.0,10162.0,9691.0,0.0,8044.0,0.0,0.0,0.0,16285.0,0.0,0.0,0.0,16313.0,0.0,0.0,0.0,13720.0,0.0,0.0,8460.0,1872.0,1671.0,27591.0,0.0,8019.0,0.0,0.0,0.0,0.0,111.0,5609.0,1029.0,0.0,0.0,54362.0
2013,LORETO,10.0,0.0,0.0,76.0,0.0,0.0,76.0,0.0,0.0,0.0,0.0,78.0,0.0,7.0,0.0,0.0,0.0,0.0,18.0,0.0,0.0,28.0,30.0,24.0,18.0,17.0,76.0,72.0,0.0,43.0,0.0,0.0,0.0,40.0,0.0,0.0,0.0,79.0,0.0,0.0,0.0,103.0,0.0,0.0,53.0,11.0,1.0,128.0,0.0,25.0,0.0,0.0,43.0,0.0,3.0,0.0,1.0,0.0,0.0,265.0
2013,MADRE DE DIOS,5.0,0.0,0.0,81.0,0.0,1.0,196.0,0.0,7.0,3.0,0.0,144.0,1.0,24.0,0.0,0.0,0.0,17.0,0.0,0.0,0.0,55.0,55.0,45.0,51.0,48.0,134.0,91.0,0.0,93.0,0.0,0.0,0.0,83.0,0.0,0.0,0.0,130.0,0.0,0.0,0.0,173.0,0.0,0.0,112.0,7.0,0.0,271.0,0.0,7.0,0.0,0.0,0.0,0.0,0.0,67.0,15.0,0.0,0.0,479.0
2013,MARZO,0.0,0.0,0.0,0.0,0.0,0.0,0.0,0.0,0.0,0.0,0.0,0.0,0.0,0.0,0.0,0.0,0.0,0.0,0.0,0.0,0.0,0.0,0.0,0.0,0.0,0.0,0.0,0.0,0.0,0.0,0.0,0.0,0.0,0.0,0.0,0.0,0.0,0.0,0.0,0.0,0.0,0.0,0.0,0.0,0.0,0.0,0.0,0.0,0.0,0.0,0.0,0.0,0.0,0.0,0.0,0.0,0.0,480.0,133.0,0.0
2013,MAYO,0.0,0.0,0.0,0.0,0.0,0.0,0.0,0.0,0.0,0.0,0.0,0.0,0.0,0.0,0.0,0.0,0.0,0.0,0.0,0.0,0.0,0.0,0.0,0.0,0.0,0.0,0.0,0.0,0.0,0.0,0.0,0.0,0.0,0.0,0.0,0.0,0.0,0.0,0.0,0.0,0.0,0.0,0.0,0.0,0.0,0.0,0.0,0.0,0.0,0.0,0.0,0.0,0.0,0.0,0.0,0.0,0.0,436.0,80.0,0.0
2013,MOQUEGUA,1.0,0.0,0.0,95.0,0.0,1.0,223.0,0.0,0.0,26.0,0.0,294.0,4.0,23.0,0.0,0.0,0.0,163.0,14.0,0.0,0.0,125.0,114.0,88.0,114.0,101.0,159.0,143.0,0.0,144.0,0.0,0.0,0.0,233.0,0.0,0.0,0.0,269.0,0.0,0.0,0.0,198.0,0.0,0.0,121.0,23.0,26.0,436.0,0.0,42.0,0.0,0.0,133.0,0.0,1.0,23.0,39.0,0.0,0.0,844.0
2013,NOVIEMBRE,0.0,0.0,0.0,0.0,0.0,0.0,0.0,0.0,0.0,0.0,0.0,0.0,0.0,0.0,0.0,0.0,0.0,0.0,0.0,0.0,0.0,0.0,0.0,0.0,0.0,0.0,0.0,0.0,0.0,0.0,0.0,0.0,0.0,0.0,0.0,0.0,0.0,0.0,0.0,0.0,0.0,0.0,0.0,0.0,0.0,0.0,0.0,0.0,0.0,0.0,0.0,0.0,0.0,0.0,0.0,0.0,0.0,387.0,68.0,0.0
2013,OCTUBRE,0.0,0.0,0.0,0.0,0.0,0.0,0.0,0.0,0.0,0.0,0.0,0.0,0.0,0.0,0.0,0.0,0.0,0.0,0.0,0.0,0.0,0.0,0.0,0.0,0.0,0.0,0.0,0.0,0.0,0.0,0.0,0.0,0.0,0.0,0.0,0.0,0.0,0.0,0.0,0.0,0.0,0.0,0.0,0.0,0.0,0.0,0.0,0.0,0.0,0.0,0.0,0.0,0.0,0.0,0.0,0.0,0.0,522.0,106.0,0.0
2013,PASCO,1.0,0.0,0.0,1.0,0.0,0.0,30.0,0.0,1.0,0.0,0.0,23.0,0.0,7.0,0.0,0.0,0.0,18.0,4.0,5.0,0.0,13.0,16.0,18.0,9.0,11.0,12.0,11.0,0.0,11.0,0.0,0.0,0.0,26.0,0.0,0.0,0.0,33.0,0.0,0.0,0.0,20.0,0.0,0.0,26.0,0.0,0.0,35.0,0.0,1.0,0.0,0.0,13.0,0.0,1.0,0.0,14.0,0.0,0.0,90.0
2013,PIURA,101.0,0.0,0.0,516.0,0.0,87.0,1061.0,0.0,18.0,163.0,0.0,1088.0,152.0,384.0,0.0,0.0,0.0,274.0,230.0,15.0,0.0,594.0,494.0,716.0,532.0,422.0,753.0,578.0,0.0,664.0,0.0,0.0,0.0,1069.0,0.0,0.0,0.0,1285.0,0.0,0.0,0.0,1071.0,0.0,0.0,509.0,347.0,61.0,1915.0,0.0,775.0,0.0,0.0,29.0,0.0,1.0,371.0,81.0,0.0,0.0,4089.0
2013,PUNO,17.0,0.0,0.0,165.0,0.0,1.0,423.0,0.0,0.0,22.0,0.0,255.0,29.0,133.0,0.0,0.0,0.0,82.0,20.0,7.0,0.0,117.0,154.0,138.0,199.0,158.0,163.0,225.0,0.0,188.0,0.0,0.0,0.0,295.0,0.0,0.0,0.0,431.0,0.0,0.0,0.0,240.0,0.0,0.0,256.0,80.0,13.0,474.0,0.0,149.0,0.0,0.0,0.0,0.0,1.0,113.0,68.0,0.0,0.0,1154.0
2013,SAN MARTÍN,44.0,0.0,0.0,131.0,0.0,3.0,476.0,0.0,2.0,18.0,0.0,416.0,10.0,88.0,0.0,0.0,0.0,44.0,26.0,23.0,0.0,168.0,212.0,143.0,130.0,133.0,293.0,203.0,0.0,212.0,0.0,0.0,0.0,346.0,0.0,0.0,0.0,455.0,0.0,0.0,0.0,268.0,0.0,0.0,202.0,41.0,7.0,573.0,0.0,124.0,0.0,0.0,259.0,0.0,3.0,48.0,24.0,0.0,0.0,1281.0
2013,SETIEMBRE,0.0,0.0,0.0,0.0,0.0,0.0,0.0,0.0,0.0,0.0,0.0,0.0,0.0,0.0,0.0,0.0,0.0,0.0,0.0,0.0,0.0,0.0,0.0,0.0,0.0,0.0,0.0,0.0,0.0,0.0,0.0,0.0,0.0,0.0,0.0,0.0,0.0,0.0,0.0,0.0,0.0,0.0,0.0,0.0,0.0,0.0,0.0,0.0,0.0,0.0,0.0,0.0,0.0,0.0,0.0,0.0,0.0,501.0,70.0,0.0
2013,TACNA,95.0,0.0,0.0,208.0,0.0,0.0,505.0,0.0,4.0,61.0,0.0,514.0,20.0,130.0,0.0,0.0,0.0,46.0,22.0,3.0,0.0,218.0,243.0,216.0,209.0,167.0,302.0,253.0,0.0,231.0,0.0,0.0,0.0,520.0,0.0,0.0,0.0,497.0,0.0,0.0,0.0,360.0,0.0,0.0,283.0,63.0,43.0,850.0,0.0,168.0,0.0,0.0,164.0,0.0,9.0,14.0,14.0,0.0,0.0,1608.0
2013,TOTAL,2129.0,0.0,0.0,12021.0,0.0,497.0,33202.0,0.0,363.0,2380.0,0.0,28545.0,2199.0,8533.0,0.0,0.0,0.0,10316.0,1781.0,796.0,0.0,12780.0,13615.0,13928.0,12624.0,12854.0,19467.0,17494.0,0.0,15654.0,0.0,0.0,0.0,29714.0,0.0,0.0,0.0,31610.0,0.0,0.0,0.0,25784.0,0.0,0.0,16722.0,3954.0,2742.0,50601.0,0.0,13703.0,0.0,0.0,3480.0,0.0,324.0,8798.0,2438.0,5738.0,1001.0,0.0
2013,TOTAL ANUAL,0.0,0.0,0.0,0.0,0.0,0.0,102762.0,0.0,0.0,0.0,0.0,0.0,0.0,0.0,0.0,0.0,0.0,0.0,0.0,0.0,0.0,0.0,0.0,102762.0,0.0,0.0,0.0,0.0,0.0,0.0,0.0,0.0,0.0,102762.0,0.0,0.0,0.0,0.0,0.0,0.0,0.0,0.0,0.0,0.0,102762.0,0.0,0.0,0.0,0.0,0.0,0.0,0.0,0.0,0.0,0.0,0.0,0.0,0.0,0.0,0.0
2013,TOTAL SINIESTROS DE TRÁNSITO,0.0,0.0,0.0,0.0,0.0,0.0,0.0,0.0,0.0,0.0,0.0,0.0,0.0,0.0,0.0,0.0,0.0,0.0,0.0,0.0,0.0,0.0,0.0,0.0,0.0,0.0,0.0,0.0,0.0,0.0,0.0,0.0,0.0,0.0,0.0,0.0,0.0,0.0,0.0,0.0,0.0,0.0,0.0,0.0,0.0,0.0,0.0,0.0,0.0,0.0,0.0,0.0,0.0,0.0,0.0,0.0,0.0,0.0,0.0,101762.0
2013,TUMBES,2.0,0.0,0.0,44.0,0.0,14.0,96.0,0.0,2.0,13.0,0.0,168.0,12.0,40.0,0.0,0.0,0.0,91.0,1.0,0.0,0.0,74.0,68.0,76.0,70.0,63.0,69.0,63.0,0.0,53.0,0.0,0.0,0.0,147.0,0.0,0.0,0.0,167.0,0.0,0.0,0.0,116.0,0.0,0.0,65.0,12.0,6.0,254.0,0.0,69.0,0.0,0.0,65.0,0.0,0.0,7.0,5.0,0.0,0.0,483.0
2013,UCAYALI,32.0,0.0,0.0,171.0,0.0,3.0,392.0,0.0,6.0,9.0,0.0,369.0,6.0,72.0,0.0,0.0,0.0,72.0,10.0,8.0,0.0,178.0,161.0,131.0,111.0,117.0,257.0,194.0,0.0,205.0,0.0,0.0,0.0,293.0,0.0,0.0,0.0,323.0,0.0,0.0,0.0,329.0,0.0,0.0,166.0,30.0,2.0,637.0,0.0,104.0,0.0,0.0,165.0,0.0,8.0,18.0,20.0,0.0,0.0,1150.0
2014,ABRIL,0.0,0.0,0.0,0.0,0.0,0.0,0.0,0.0,0.0,0.0,0.0,0.0,0.0,0.0,0.0,0.0,0.0,0.0,0.0,0.0,0.0,0.0,0.0,0.0,0.0,0.0,0.0,0.0,0.0,0.0,0.0,0.0,0.0,0.0,0.0,0.0,0.0,0.0,0.0,0.0,0.0,0.0,0.0,0.0,0.0,0.0,0.0,0.0,0.0,0.0,0.0,0.0,0.0,0.0,0.0,0.0,0.0,449.0,55.0,0.0
2014,AGOSTO,0.0,0.0,0.0,0.0,0.0,0.0,0.0,0.0,0.0,0.0,0.0,0.0,0.0,0.0,0.0,0.0,0.0,0.0,0.0,0.0,0.0,0.0,0.0,0.0,0.0,0.0,0.0,0.0,0.0,0.0,0.0,0.0,0.0,0.0,0.0,0.0,0.0,0.0,0.0,0.0,0.0,0.0,0.0,0.0,0.0,0.0,0.0,0.0,0.0,0.0,0.0,0.0,0.0,0.0,0.0,0.0,0.0,447.0,77.0,0.0
2014,AMAZONAS,2.0,0.0,0.0,58.0,0.0,4.0,114.0,0.0,1.0,28.0,0.0,123.0,6.0,40.0,0.0,0.0,0.0,60.0,24.0,3.0,0.0,90.0,60.0,61.0,46.0,45.0,94.0,67.0,0.0,70.0,0.0,0.0,0.0,121.0,0.0,0.0,0.0,153.0,0.0,0.0,0.0,119.0,0.0,0.0,73.0,17.0,10.0,172.0,0.0,42.0,0.0,0.0,112.0,0.0,2.0,16.0,19.0,0.0,0.0,463.0
2014,ANCASH,28.0,0.0,0.0,322.0,0.0,16.0,515.0,0.0,174.0,63.0,0.0,721.0,51.0,133.0,0.0,0.0,0.0,243.0,167.0,44.0,0.0,351.0,392.0,237.0,252.0,283.0,514.0,448.0,0.0,375.0,0.0,0.0,0.0,598.0,0.0,0.0,0.0,657.0,0.0,0.0,0.0,847.0,0.0,0.0,344.0,105.0,45.0,993.0,0.0,307.0,0.0,0.0,73.0,0.0,11.0,535.0,64.0,0.0,0.0,2477.0
2014,APURIMAC,1.0,0.0,0.0,90.0,0.0,2.0,196.0,0.0,1.0,24.0,0.0,195.0,8.0,54.0,0.0,0.0,0.0,59.0,6.0,7.0,0.0,70.0,94.0,89.0,80.0,99.0,102.0,109.0,0.0,94.0,0.0,0.0,0.0,179.0,0.0,0.0,0.0,237.0,0.0,0.0,0.0,133.0,0.0,0.0,0.0,0.0,0.0,0.0,0.0,0.0,0.0,0.0,0.0,0.0,0.0,0.0,0.0,0.0,0.0,643.0
2014,AREQUIPA,33.0,0.0,0.0,753.0,0.0,11.0,1528.0,0.0,4.0,89.0,0.0,2269.0,63.0,301.0,0.0,0.0,0.0,481.0,84.0,14.0,0.0,817.0,719.0,733.0,695.0,754.0,1018.0,894.0,0.0,975.0,0.0,0.0,0.0,1783.0,0.0,0.0,0.0,1799.0,0.0,0.0,0.0,1073.0,0.0,0.0,0.0,0.0,0.0,0.0,0.0,0.0,0.0,0.0,0.0,0.0,0.0,0.0,0.0,0.0,0.0,5630.0
2014,AYACUCHO,22.0,0.0,0.0,245.0,0.0,25.0,178.0,0.0,1.0,25.0,0.0,370.0,22.0,102.0,0.0,0.0,0.0,87.0,17.0,7.0,0.0,149.0,149.0,150.0,147.0,123.0,183.0,200.0,0.0,208.0,0.0,0.0,0.0,319.0,0.0,0.0,0.0,351.0,0.0,0.0,0.0,223.0,0.0,0.0,158.0,47.0,17.0,335.0,0.0,129.0,0.0,0.0,81.0,0.0,8.0,278.0,48.0,0.0,0.0,1101.0
2014,CAJAMARCA,105.0,0.0,0.0,597.0,0.0,3.0,413.0,0.0,7.0,29.0,0.0,600.0,23.0,122.0,0.0,0.0,0.0,69.0,116.0,35.0,0.0,368.0,285.0,197.0,184.0,231.0,462.0,392.0,0.0,218.0,0.0,0.0,0.0,706.0,0.0,0.0,0.0,810.0,0.0,0.0,0.0,385.0,0.0,0.0,331.0,71.0,19.0,947.0,0.0,198.0,0.0,0.0,379.0,0.0,1.0,96.0,77.0,0.0,0.0,2119.0
2014,CALLAO,17.0,0.0,0.0,113.0,0.0,1.0,1085.0,0.0,6.0,67.0,0.0,1319.0,47.0,239.0,0.0,0.0,0.0,468.0,29.0,11.0,0.0,315.0,445.0,509.0,436.0,519.0,600.0,578.0,0.0,557.0,0.0,0.0,0.0,1183.0,0.0,0.0,0.0,956.0,0.0,0.0,0.0,706.0,0.0,0.0,551.0,125.0,180.0,1578.0,0.0,383.0,0.0,0.0,246.0,0.0,8.0,293.0,38.0,0.0,0.0,3402.0
2014,CUSCO,30.0,0.0,0.0,490.0,0.0,20.0,1250.0,0.0,8.0,102.0,0.0,1349.0,40.0,367.0,0.0,0.0,0.0,373.0,56.0,15.0,0.0,571.0,551.0,519.0,511.0,506.0,740.0,702.0,0.0,665.0,0.0,0.0,0.0,1199.0,0.0,0.0,0.0,1294.0,0.0,0.0,0.0,942.0,0.0,0.0,945.0,102.0,121.0,1669.0,0.0,421.0,0.0,0.0,220.0,0.0,67.0,433.0,122.0,0.0,0.0,4100.0
2014,DICIEMBRE,0.0,0.0,0.0,0.0,0.0,0.0,0.0,0.0,0.0,0.0,0.0,0.0,0.0,0.0,0.0,0.0,0.0,0.0,0.0,0.0,0.0,0.0,0.0,0.0,0.0,0.0,0.0,0.0,0.0,0.0,0.0,0.0,0.0,0.0,0.0,0.0,0.0,0.0,0.0,0.0,0.0,0.0,0.0,0.0,0.0,0.0,0.0,0.0,0.0,0.0,0.0,0.0,0.0,0.0,0.0,0.0,0.0,578.0,73.0,0.0
2014,ENERO,0.0,0.0,0.0,0.0,0.0,0.0,0.0,0.0,0.0,0.0,0.0,0.0,0.0,0.0,0.0,0.0,0.0,0.0,0.0,0.0,0.0,0.0,0.0,0.0,0.0,0.0,0.0,0.0,0.0,0.0,0.0,0.0,0.0,0.0,0.0,0.0,0.0,0.0,0.0,0.0,0.0,0.0,0.0,0.0,0.0,0.0,0.0,0.0,0.0,0.0,0.0,0.0,0.0,0.0,0.0,0.0,0.0,568.0,78.0,0.0
2014,FEBRERO,0.0,0.0,0.0,0.0,0.0,0.0,0.0,0.0,0.0,0.0,0.0,0.0,0.0,0.0,0.0,0.0,0.0,0.0,0.0,0.0,0.0,0.0,0.0,0.0,0.0,0.0,0.0,0.0,0.0,0.0,0.0,0.0,0.0,0.0,0.0,0.0,0.0,0.0,0.0,0.0,0.0,0.0,0.0,0.0,0.0,0.0,0.0,0.0,0.0,0.0,0.0,0.0,0.0,0.0,0.0,0.0,0.0,505.0,49.0,0.0
2014,HUANCAVELICA,0.0,0.0,0.0,9.0,0.0,0.0,20.0,0.0,0.0,0.0,0.0,42.0,0.0,5.0,0.0,0.0,0.0,120.0,5.0,0.0,0.0,26.0,47.0,21.0,27.0,23.0,25.0,32.0,0.0,20.0,0.0,0.0,0.0,44.0,0.0,0.0,0.0,95.0,0.0,0.0,0.0,42.0,0.0,0.0,32.0,1.0,0.0,61.0,0.0,3.0,0.0,0.0,37.0,0.0,0.0,51.0,16.0,0.0,0.0,201.0
2014,HUÁNUCO,0.0,0.0,0.0,888.0,0.0,2.0,3074.0,0.0,0.0,8.0,0.0,230.0,7.0,28.0,0.0,0.0,0.0,30.0,9.0,7.0,0.0,630.0,527.0,503.0,417.0,484.0,896.0,826.0,0.0,1051.0,0.0,0.0,0.0,1091.0,0.0,0.0,0.0,1037.0,0.0,0.0,0.0,1104.0,0.0,0.0,146.0,14.0,10.0,2451.0,0.0,111.0,0.0,0.0,587.0,0.0,0.0,781.0,183.0,0.0,0.0,4283.0
2014,ICA,2.0,0.0,0.0,173.0,0.0,2.0,505.0,0.0,1.0,16.0,0.0,624.0,8.0,110.0,0.0,0.0,0.0,66.0,3.0,2.0,0.0,138.0,245.0,140.0,177.0,157.0,372.0,283.0,0.0,204.0,0.0,0.0,0.0,406.0,0.0,0.0,0.0,541.0,0.0,0.0,0.0,361.0,0.0,0.0,212.0,76.0,2.0,878.0,0.0,151.0,0.0,0.0,34.0,0.0,13.0,119.0,27.0,0.0,0.0,1512.0
2014,JULIO,0.0,0.0,0.0,0.0,0.0,0.0,0.0,0.0,0.0,0.0,0.0,0.0,0.0,0.0,0.0,0.0,0.0,0.0,0.0,0.0,0.0,0.0,0.0,0.0,0.0,0.0,0.0,0.0,0.0,0.0,0.0,0.0,0.0,0.0,0.0,0.0,0.0,0.0,0.0,0.0,0.0,0.0,0.0,0.0,0.0,0.0,0.0,0.0,0.0,0.0,0.0,0.0,0.0,0.0,0.0,0.0,0.0,46.0,82.0,0.0
2014,JUNIN,46.0,0.0,0.0,213.0,0.0,3.0,868.0,0.0,7.0,45.0,0.0,826.0,49.0,236.0,0.0,0.0,0.0,358.0,52.0,8.0,0.0,452.0,365.0,320.0,336.0,287.0,542.0,409.0,0.0,489.0,0.0,0.0,0.0,671.0,0.0,0.0,0.0,897.0,0.0,0.0,0.0,654.0,0.0,0.0,562.0,99.0,80.0,1237.0,0.0,183.0,0.0,0.0,291.0,0.0,15.0,178.0,66.0,0.0,0.0,2711.0
2014,JUNIO,0.0,0.0,0.0,0.0,0.0,0.0,0.0,0.0,0.0,0.0,0.0,0.0,0.0,0.0,0.0,0.0,0.0,0.0,0.0,0.0,0.0,0.0,0.0,0.0,0.0,0.0,0.0,0.0,0.0,0.0,0.0,0.0,0.0,0.0,0.0,0.0,0.0,0.0,0.0,0.0,0.0,0.0,0.0,0.0,0.0,0.0,0.0,0.0,0.0,0.0,0.0,0.0,0.0,0.0,0.0,0.0,0.0,401.0,49.0,0.0
2014,LA LIBERTAD,74.0,0.0,0.0,446.0,0.0,35.0,1559.0,0.0,44.0,116.0,0.0,1292.0,134.0,402.0,0.0,0.0,0.0,450.0,84.0,22.0,0.0,720.0,538.0,715.0,579.0,659.0,777.0,670.0,0.0,870.0,0.0,0.0,0.0,1290.0,0.0,0.0,0.0,1422.0,0.0,0.0,0.0,1076.0,0.0,0.0,722.0,118.0,150.0,2295.0,0.0,589.0,0.0,0.0,511.0,0.0,20.0,194.0,59.0,0.0,0.0,4658.0
2014,LAMBAYEQUE,26.0,0.0,0.0,361.0,0.0,6.0,961.0,0.0,8.0,55.0,0.0,1181.0,97.0,237.0,0.0,0.0,0.0,304.0,68.0,38.0,0.0,551.0,384.0,399.0,408.0,384.0,678.0,538.0,0.0,434.0,0.0,0.0,0.0,941.0,0.0,0.0,0.0,1220.0,0.0,0.0,0.0,747.0,0.0,0.0,456.0,130.0,52.0,1836.0,0.0,419.0,0.0,0.0,313.0,0.0,2.0,92.0,42.0,0.0,0.0,3342.0
2014,LIMA,1841.0,0.0,0.0,3757.0,0.0,221.0,17528.0,0.0,207.0,1152.0,0.0,14420.0,1387.0,4192.0,0.0,0.0,0.0,8128.0,641.0,450.0,0.0,5848.0,7436.0,7370.0,6626.0,6601.0,10133.0,9910.0,0.0,8575.0,0.0,0.0,0.0,17635.0,0.0,0.0,0.0,16318.0,0.0,0.0,0.0,11396.0,0.0,0.0,8035.0,1333.0,1869.0,26690.0,0.0,7923.0,0.0,0.0,2825.0,0.0,89.0,4472.0,688.0,0.0,0.0,53924.0
2014,LORETO,5.0,0.0,0.0,129.0,0.0,0.0,81.0,0.0,1.0,1.0,0.0,167.0,0.0,9.0,0.0,0.0,0.0,9.0,8.0,0.0,0.0,56.0,63.0,44.0,22.0,34.0,125.0,66.0,0.0,46.0,0.0,0.0,0.0,59.0,0.0,0.0,0.0,179.0,0.0,0.0,0.0,126.0,0.0,0.0,38.0,23.0,3.0,246.0,0.0,21.0,0.0,0.0,65.0,0.0,0.0,14.0,0.0,0.0,0.0,410.0
2014,MADRE DE DIOS,3.0,0.0,0.0,94.0,0.0,3.0,199.0,0.0,7.0,12.0,0.0,124.0,1.0,25.0,0.0,0.0,0.0,23.0,17.0,2.0,0.0,86.0,67.0,37.0,61.0,48.0,131.0,80.0,0.0,94.0,0.0,0.0,0.0,81.0,0.0,0.0,0.0,147.0,0.0,0.0,0.0,188.0,0.0,0.0,60.0,9.0,6.0,275.0,0.0,9.0,0.0,0.0,73.0,0.0,0.0,65.0,13.0,0.0,0.0,510.0
2014,MARZO,0.0,0.0,0.0,0.0,0.0,0.0,0.0,0.0,0.0,0.0,0.0,0.0,0.0,0.0,0.0,0.0,0.0,0.0,0.0,0.0,0.0,0.0,0.0,0.0,0.0,0.0,0.0,0.0,0.0,0.0,0.0,0.0,0.0,0.0,0.0,0.0,0.0,0.0,0.0,0.0,0.0,0.0,0.0,0.0,0.0,0.0,0.0,0.0,0.0,0.0,0.0,0.0,0.0,0.0,0.0,0.0,0.0,496.0,73.0,0.0
2014,MAYO,0.0,0.0,0.0,0.0,0.0,0.0,0.0,0.0,0.0,0.0,0.0,0.0,0.0,0.0,0.0,0.0,0.0,0.0,0.0,0.0,0.0,0.0,0.0,0.0,0.0,0.0,0.0,0.0,0.0,0.0,0.0,0.0,0.0,0.0,0.0,0.0,0.0,0.0,0.0,0.0,0.0,0.0,0.0,0.0,0.0,0.0,0.0,0.0,0.0,0.0,0.0,0.0,0.0,0.0,0.0,0.0,0.0,395.0,70.0,0.0
2014,MOQUEGUA,2.0,0.0,0.0,78.0,0.0,1.0,183.0,0.0,0.0,19.0,0.0,199.0,2.0,54.0,0.0,0.0,0.0,119.0,8.0,0.0,0.0,108.0,86.0,70.0,94.0,80.0,123.0,104.0,0.0,118.0,0.0,0.0,0.0,171.0,0.0,0.0,0.0,216.0,0.0,0.0,0.0,160.0,0.0,0.0,104.0,23.0,10.0,321.0,0.0,40.0,0.0,0.0,101.0,0.0,0.0,36.0,30.0,0.0,0.0,665.0
2014,NOVIEMBRE,0.0,0.0,0.0,0.0,0.0,0.0,0.0,0.0,0.0,0.0,0.0,0.0,0.0,0.0,0.0,0.0,0.0,0.0,0.0,0.0,0.0,0.0,0.0,0.0,0.0,0.0,0.0,0.0,0.0,0.0,0.0,0.0,0.0,0.0,0.0,0.0,0.0,0.0,0.0,0.0,0.0,0.0,0.0,0.0,0.0,0.0,0.0,0.0,0.0,0.0,0.0,0.0,0.0,0.0,0.0,0.0,0.0,532.0,66.0,0.0
2014,OCTUBRE,0.0,0.0,0.0,0.0,0.0,0.0,0.0,0.0,0.0,0.0,0.0,0.0,0.0,0.0,0.0,0.0,0.0,0.0,0.0,0.0,0.0,0.0,0.0,0.0,0.0,0.0,0.0,0.0,0.0,0.0,0.0,0.0,0.0,0.0,0.0,0.0,0.0,0.0,0.0,0.0,0.0,0.0,0.0,0.0,0.0,0.0,0.0,0.0,0.0,0.0,0.0,0.0,0.0,0.0,0.0,0.0,0.0,438.0,80.0,0.0
2014,PASCO,2.0,0.0,0.0,1.0,0.0,1.0,16.0,0.0,1.0,6.0,0.0,12.0,0.0,5.0,0.0,0.0,0.0,5.0,1.0,0.0,0.0,9.0,5.0,4.0,6.0,7.0,7.0,12.0,0.0,6.0,0.0,0.0,0.0,22.0,0.0,0.0,0.0,15.0,0.0,0.0,0.0,7.0,0.0,0.0,6.0,1.0,0.0,20.0,0.0,2.0,0.0,0.0,12.0,0.0,0.0,8.0,1.0,0.0,0.0,50.0
2014,PIURA,95.0,0.0,0.0,530.0,0.0,34.0,949.0,0.0,49.0,132.0,0.0,929.0,77.0,332.0,0.0,0.0,0.0,384.0,297.0,26.0,0.0,599.0,423.0,678.0,447.0,493.0,656.0,538.0,0.0,640.0,0.0,0.0,0.0,1128.0,0.0,0.0,0.0,1259.0,0.0,0.0,0.0,807.0,0.0,0.0,548.0,212.0,93.0,1627.0,0.0,727.0,0.0,0.0,325.0,0.0,5.0,247.0,50.0,0.0,0.0,3834.0
2014,PUNO,6.0,0.0,0.0,121.0,0.0,1.0,312.0,0.0,1.0,17.0,0.0,315.0,21.0,102.0,0.0,0.0,0.0,48.0,7.0,2.0,0.0,114.0,139.0,140.0,154.0,148.0,123.0,135.0,0.0,191.0,0.0,0.0,0.0,298.0,0.0,0.0,0.0,261.0,0.0,0.0,0.0,203.0,0.0,0.0,171.0,52.0,12.0,316.0,0.0,183.0,0.0,0.0,46.0,0.0,0.0,118.0,55.0,0.0,0.0,953.0
2014,SAN MARTÍN,41.0,0.0,0.0,117.0,0.0,2.0,515.0,0.0,3.0,22.0,0.0,306.0,21.0,69.0,0.0,0.0,0.0,127.0,28.0,18.0,0.0,185.0,178.0,144.0,170.0,178.0,218.0,196.0,0.0,164.0,0.0,0.0,0.0,372.0,0.0,0.0,0.0,441.0,0.0,0.0,0.0,292.0,0.0,0.0,147.0,25.0,5.0,633.0,0.0,120.0,0.0,0.0,294.0,0.0,0.0,32.0,13.0,0.0,0.0,1269.0
2014,SETIEMBRE,0.0,0.0,0.0,0.0,0.0,0.0,0.0,0.0,0.0,0.0,0.0,0.0,0.0,0.0,0.0,0.0,0.0,0.0,0.0,0.0,0.0,0.0,0.0,0.0,0.0,0.0,0.0,0.0,0.0,0.0,0.0,0.0,0.0,0.0,0.0,0.0,0.0,0.0,0.0,0.0,0.0,0.0,0.0,0.0,0.0,0.0,0.0,0.0,0.0,0.0,0.0,0.0,0.0,0.0,0.0,0.0,0.0,409.0,74.0,0.0
2014,TACNA,69.0,0.0,0.0,135.0,0.0,2.0,451.0,0.0,1.0,23.0,0.0,420.0,17.0,163.0,0.0,0.0,0.0,43.0,21.0,4.0,0.0,193.0,194.0,185.0,149.0,145.0,255.0,228.0,0.0,237.0,0.0,0.0,0.0,412.0,0.0,0.0,0.0,436.0,0.0,0.0,0.0,264.0,0.0,0.0,224.0,43.0,53.0,693.0,0.0,128.0,0.0,0.0,130.0,0.0,16.0,53.0,9.0,0.0,0.0,1349.0
2014,TOTAL,2498.0,0.0,0.0,9951.0,0.0,403.0,32924.0,0.0,543.0,2098.0,0.0,28443.0,2104.0,7411.0,0.0,0.0,0.0,12200.0,1791.0,738.0,0.0,12657.0,13583.0,13449.0,12178.0,12493.0,19073.0,17671.0,0.0,16614.0,0.0,0.0,0.0,31104.0,0.0,0.0,0.0,31182.0,0.0,0.0,0.0,22204.0,0.0,0.0,14019.0,2664.0,2750.0,46005.0,0.0,12305.0,0.0,0.0,7000.0,0.0,261.0,8193.0,1634.0,5264.0,826.0,0.0
2014,TOTAL ANUAL,0.0,0.0,0.0,0.0,0.0,0.0,101104.0,0.0,0.0,0.0,0.0,0.0,0.0,0.0,0.0,0.0,0.0,0.0,0.0,0.0,0.0,0.0,0.0,101104.0,0.0,0.0,0.0,0.0,0.0,0.0,0.0,0.0,0.0,101104.0,0.0,0.0,0.0,0.0,0.0,0.0,0.0,0.0,0.0,0.0,94831.0,0.0,0.0,0.0,0.0,0.0,0.0,0.0,0.0,0.0,0.0,0.0,0.0,0.0,0.0,0.0
2014,TOTAL SINIESTROS DE TRÁNSITO,0.0,0.0,0.0,0.0,0.0,0.0,0.0,0.0,0.0,0.0,0.0,0.0,0.0,0.0,0.0,0.0,0.0,0.0,0.0,0.0,0.0,0.0,0.0,0.0,0.0,0.0,0.0,0.0,0.0,0.0,0.0,0.0,0.0,0.0,0.0,0.0,0.0,0.0,0.0,0.0,0.0,0.0,0.0,0.0,0.0,0.0,0.0,0.0,0.0,0.0,0.0,0.0,0.0,0.0,0.0,0.0,0.0,0.0,0.0,101104.0
2014,TUMBES,1.0,0.0,0.0,53.0,0.0,0.0,94.0,0.0,1.0,8.0,0.0,189.0,4.0,25.0,0.0,0.0,0.0,55.0,8.0,0.0,0.0,59.0,56.0,68.0,45.0,57.0,77.0,76.0,0.0,61.0,0.0,0.0,0.0,100.0,0.0,0.0,0.0,189.0,0.0,0.0,0.0,88.0,0.0,0.0,48.0,17.0,6.0,241.0,0.0,46.0,0.0,0.0,62.0,0.0,1.0,14.0,3.0,0.0,0.0,438.0
2014,UCAYALI,47.0,0.0,0.0,178.0,0.0,8.0,330.0,0.0,10.0,39.0,0.0,221.0,19.0,59.0,0.0,0.0,0.0,91.0,35.0,23.0,0.0,152.0,135.0,116.0,109.0,148.0,222.0,178.0,0.0,252.0,0.0,0.0,0.0,295.0,0.0,0.0,0.0,252.0,0.0,0.0,0.0,261.0,0.0,0.0,106.0,21.0,7.0,491.0,0.0,170.0,0.0,0.0,183.0,0.0,3.0,68.0,11.0,0.0,0.0,1060.0
2015,ABRIL,0.0,0.0,0.0,0.0,0.0,0.0,0.0,0.0,0.0,0.0,0.0,0.0,0.0,0.0,0.0,0.0,0.0,0.0,0.0,0.0,0.0,0.0,0.0,0.0,0.0,0.0,0.0,0.0,0.0,0.0,0.0,0.0,0.0,0.0,0.0,0.0,0.0,0.0,0.0,0.0,0.0,0.0,0.0,0.0,0.0,0.0,0.0,0.0,0.0,0.0,0.0,0.0,0.0,0.0,0.0,0.0,0.0,418.0,76.0,0.0
2015,AGOSTO,0.0,0.0,0.0,0.0,0.0,0.0,0.0,0.0,0.0,0.0,0.0,0.0,0.0,0.0,0.0,0.0,0.0,0.0,0.0,0.0,0.0,0.0,0.0,0.0,0.0,0.0,0.0,0.0,0.0,0.0,0.0,0.0,0.0,0.0,0.0,0.0,0.0,0.0,0.0,0.0,0.0,0.0,0.0,0.0,0.0,0.0,0.0,0.0,0.0,0.0,0.0,0.0,0.0,0.0,0.0,0.0,0.0,477.0,42.0,0.0
2015,AMAZONAS,2.0,0.0,0.0,43.0,0.0,8.0,152.0,19.0,2.0,21.0,0.0,60.0,19.0,9.0,2.0,0.0,1.0,29.0,10.0,2.0,2.0,67.0,52.0,53.0,40.0,37.0,71.0,61.0,8.0,0.0,14.0,5.0,8.0,0.0,74.0,24.0,35.0,0.0,74.0,30.0,45.0,0.0,45.0,19.0,49.0,15.0,5.0,166.0,7.0,24.0,1.0,0.0,84.0,9.0,0.0,10.0,11.0,0.0,0.0,381.0
2015,ANCASH,8.0,0.0,0.0,223.0,12.0,2.0,414.0,21.0,14.0,60.0,0.0,410.0,25.0,109.0,79.0,28.0,56.0,169.0,38.0,5.0,24.0,252.0,185.0,210.0,222.0,226.0,282.0,320.0,105.0,0.0,168.0,154.0,142.0,0.0,172.0,104.0,111.0,0.0,214.0,133.0,139.0,0.0,183.0,72.0,201.0,46.0,14.0,772.0,52.0,198.0,3.0,0.0,221.0,49.0,2.0,98.0,41.0,0.0,0.0,1697.0
2015,APURIMAC,6.0,0.0,0.0,57.0,4.0,9.0,124.0,14.0,2.0,15.0,0.0,136.0,6.0,50.0,16.0,0.0,33.0,34.0,12.0,2.0,11.0,78.0,95.0,61.0,62.0,57.0,77.0,101.0,20.0,0.0,35.0,43.0,64.0,0.0,40.0,42.0,46.0,0.0,72.0,31.0,67.0,0.0,43.0,28.0,0.0,0.0,0.0,0.0,0.0,0.0,0.0,0.0,0.0,0.0,0.0,0.0,0.0,0.0,0.0,531.0
2015,AREQUIPA,35.0,0.0,0.0,633.0,26.0,19.0,1386.0,40.0,36.0,58.0,0.0,1806.0,38.0,314.0,85.0,94.0,158.0,146.0,217.0,65.0,26.0,689.0,738.0,685.0,679.0,678.0,906.0,807.0,184.0,0.0,282.0,305.0,515.0,0.0,548.0,485.0,496.0,0.0,510.0,515.0,554.0,0.0,501.0,287.0,0.0,0.0,0.0,0.0,0.0,0.0,0.0,0.0,0.0,0.0,0.0,0.0,0.0,0.0,0.0,5182.0
2015,AYACUCHO,8.0,0.0,0.0,418.0,1.0,7.0,157.0,11.0,0.0,34.0,0.0,589.0,7.0,101.0,3.0,3.0,7.0,44.0,19.0,5.0,2.0,149.0,174.0,184.0,205.0,167.0,279.0,258.0,52.0,0.0,120.0,57.0,59.0,0.0,264.0,139.0,33.0,0.0,182.0,108.0,103.0,0.0,145.0,154.0,141.0,59.0,28.0,420.0,11.0,174.0,3.0,0.0,106.0,31.0,3.0,375.0,65.0,0.0,0.0,1416.0
2015,CAJAMARCA,23.0,0.0,0.0,206.0,0.0,2.0,388.0,2.0,7.0,31.0,0.0,441.0,23.0,87.0,1.0,1.0,2.0,17.0,39.0,6.0,0.0,213.0,141.0,187.0,159.0,152.0,216.0,208.0,21.0,0.0,34.0,35.0,51.0,0.0,130.0,155.0,159.0,0.0,215.0,185.0,123.0,0.0,108.0,60.0,209.0,23.0,21.0,666.0,9.0,127.0,0.0,0.0,146.0,18.0,0.0,24.0,33.0,0.0,0.0,1276.0
2015,CALLAO,15.0,0.0,0.0,102.0,9.0,5.0,1035.0,14.0,14.0,53.0,0.0,1412.0,33.0,261.0,38.0,31.0,123.0,349.0,34.0,17.0,9.0,379.0,445.0,538.0,434.0,509.0,624.0,625.0,167.0,0.0,167.0,180.0,324.0,0.0,483.0,300.0,313.0,0.0,333.0,343.0,370.0,0.0,366.0,208.0,533.0,80.0,154.0,1678.0,76.0,453.0,6.0,0.0,325.0,40.0,3.0,117.0,29.0,0.0,0.0,3554.0
2015,CUSCO,144.0,0.0,0.0,472.0,23.0,0.0,1175.0,45.0,18.0,112.0,0.0,1547.0,51.0,442.0,117.0,56.0,78.0,211.0,85.0,2.0,26.0,653.0,585.0,578.0,553.0,609.0,873.0,753.0,283.0,0.0,241.0,290.0,333.0,0.0,461.0,286.0,454.0,0.0,423.0,470.0,503.0,0.0,552.0,308.0,940.0,100.0,92.0,2364.0,49.0,351.0,24.0,0.0,261.0,168.0,0.0,173.0,82.0,0.0,0.0,4604.0
2015,DICIEMBRE,0.0,0.0,0.0,0.0,0.0,0.0,0.0,0.0,0.0,0.0,0.0,0.0,0.0,0.0,0.0,0.0,0.0,0.0,0.0,0.0,0.0,0.0,0.0,0.0,0.0,0.0,0.0,0.0,0.0,0.0,0.0,0.0,0.0,0.0,0.0,0.0,0.0,0.0,0.0,0.0,0.0,0.0,0.0,0.0,0.0,0.0,0.0,0.0,0.0,0.0,0.0,0.0,0.0,0.0,0.0,0.0,0.0,534.0,61.0,0.0
2015,ENERO,0.0,0.0,0.0,0.0,0.0,0.0,0.0,0.0,0.0,0.0,0.0,0.0,0.0,0.0,0.0,0.0,0.0,0.0,0.0,0.0,0.0,0.0,0.0,0.0,0.0,0.0,0.0,0.0,0.0,0.0,0.0,0.0,0.0,0.0,0.0,0.0,0.0,0.0,0.0,0.0,0.0,0.0,0.0,0.0,0.0,0.0,0.0,0.0,0.0,0.0,0.0,0.0,0.0,0.0,0.0,0.0,0.0,673.0,66.0,0.0
2015,FEBRERO,0.0,0.0,0.0,0.0,0.0,0.0,0.0,0.0,0.0,0.0,0.0,0.0,0.0,0.0,0.0,0.0,0.0,0.0,0.0,0.0,0.0,0.0,0.0,0.0,0.0,0.0,0.0,0.0,0.0,0.0,0.0,0.0,0.0,0.0,0.0,0.0,0.0,0.0,0.0,0.0,0.0,0.0,0.0,0.0,0.0,0.0,0.0,0.0,0.0,0.0,0.0,0.0,0.0,0.0,0.0,0.0,0.0,510.0,57.0,0.0
2015,HUANCAVELICA,0.0,0.0,0.0,12.0,2.0,1.0,49.0,15.0,0.0,2.0,0.0,50.0,0.0,5.0,2.0,1.0,1.0,94.0,13.0,1.0,1.0,19.0,53.0,31.0,32.0,35.0,35.0,44.0,6.0,0.0,8.0,16.0,19.0,0.0,25.0,18.0,20.0,0.0,43.0,30.0,26.0,0.0,28.0,10.0,32.0,4.0,2.0,85.0,0.0,9.0,1.0,0.0,36.0,60.0,0.0,9.0,11.0,0.0,0.0,249.0
2015,HUÁNUCO,1.0,0.0,0.0,294.0,7.0,1.0,2186.0,7.0,1.0,4.0,0.0,164.0,2.0,7.0,13.0,3.0,6.0,1.0,8.0,3.0,0.0,347.0,366.0,282.0,289.0,317.0,527.0,580.0,159.0,0.0,142.0,191.0,268.0,0.0,255.0,262.0,283.0,0.0,241.0,237.0,246.0,0.0,231.0,193.0,76.0,17.0,6.0,1930.0,3.0,27.0,176.0,0.0,243.0,53.0,1.0,154.0,22.0,0.0,0.0,2708.0
2015,ICA,1.0,0.0,0.0,159.0,2.0,1.0,422.0,0.0,5.0,7.0,0.0,428.0,5.0,58.0,3.0,22.0,23.0,28.0,1.0,3.0,4.0,158.0,162.0,120.0,176.0,147.0,224.0,185.0,35.0,0.0,82.0,83.0,79.0,0.0,131.0,78.0,100.0,0.0,175.0,94.0,96.0,0.0,138.0,81.0,158.0,21.0,14.0,706.0,17.0,72.0,7.0,0.0,89.0,17.0,1.0,45.0,25.0,0.0,0.0,1172.0
2015,JULIO,0.0,0.0,0.0,0.0,0.0,0.0,0.0,0.0,0.0,0.0,0.0,0.0,0.0,0.0,0.0,0.0,0.0,0.0,0.0,0.0,0.0,0.0,0.0,0.0,0.0,0.0,0.0,0.0,0.0,0.0,0.0,0.0,0.0,0.0,0.0,0.0,0.0,0.0,0.0,0.0,0.0,0.0,0.0,0.0,0.0,0.0,0.0,0.0,0.0,0.0,0.0,0.0,0.0,0.0,0.0,0.0,0.0,510.0,85.0,0.0
2015,JUNIN,22.0,0.0,0.0,95.0,15.0,11.0,728.0,47.0,11.0,51.0,0.0,727.0,38.0,170.0,72.0,71.0,95.0,142.0,29.0,16.0,27.0,387.0,303.0,312.0,295.0,292.0,466.0,312.0,67.0,0.0,119.0,152.0,272.0,0.0,224.0,228.0,187.0,0.0,268.0,252.0,302.0,0.0,200.0,96.0,492.0,53.0,75.0,973.0,18.0,202.0,4.0,0.0,300.0,134.0,6.0,48.0,62.0,0.0,0.0,2367.0
2015,JUNIO,0.0,0.0,0.0,0.0,0.0,0.0,0.0,0.0,0.0,0.0,0.0,0.0,0.0,0.0,0.0,0.0,0.0,0.0,0.0,0.0,0.0,0.0,0.0,0.0,0.0,0.0,0.0,0.0,0.0,0.0,0.0,0.0,0.0,0.0,0.0,0.0,0.0,0.0,0.0,0.0,0.0,0.0,0.0,0.0,0.0,0.0,0.0,0.0,0.0,0.0,0.0,0.0,0.0,0.0,0.0,0.0,0.0,334.0,65.0,0.0
2015,LA LIBERTAD,99.0,0.0,0.0,410.0,21.0,39.0,1605.0,8.0,48.0,137.0,0.0,1356.0,58.0,330.0,90.0,135.0,156.0,233.0,45.0,24.0,59.0,775.0,566.0,672.0,587.0,564.0,958.0,731.0,192.0,0.0,119.0,348.0,340.0,0.0,448.0,343.0,547.0,0.0,420.0,588.0,690.0,0.0,477.0,341.0,739.0,135.0,133.0,2385.0,120.0,584.0,51.0,0.0,483.0,30.0,3.0,139.0,51.0,0.0,0.0,4853.0
2015,LAMBAYEQUE,20.0,0.0,0.0,223.0,22.0,1.0,628.0,0.0,20.0,46.0,0.0,782.0,36.0,206.0,34.0,18.0,47.0,203.0,32.0,5.0,17.0,475.0,244.0,288.0,204.0,252.0,544.0,333.0,141.0,0.0,174.0,119.0,195.0,0.0,188.0,185.0,224.0,0.0,192.0,185.0,242.0,0.0,282.0,213.0,386.0,67.0,62.0,1014.0,58.0,420.0,8.0,0.0,190.0,35.0,2.0,86.0,12.0,0.0,0.0,2340.0
2015,LIMA,2016.0,0.0,0.0,3341.0,236.0,218.0,17478.0,179.0,271.0,975.0,0.0,14467.0,1237.0,4148.0,1271.0,1183.0,1603.0,3124.0,726.0,428.0,404.0,5981.0,7241.0,7088.0,6119.0,6736.0,10383.0,9757.0,2118.0,0.0,2363.0,2603.0,4991.0,0.0,5645.0,4778.0,5192.0,0.0,4739.0,5680.0,6746.0,0.0,5173.0,3277.0,7509.0,1161.0,1638.0,27137.0,613.0,7770.0,119.0,0.0,3652.0,789.0,88.0,2281.0,548.0,0.0,0.0,53305.0
2015,LORETO,0.0,0.0,0.0,80.0,2.0,0.0,139.0,1.0,0.0,3.0,0.0,133.0,6.0,11.0,0.0,2.0,3.0,8.0,5.0,0.0,1.0,58.0,41.0,50.0,32.0,55.0,103.0,55.0,25.0,0.0,34.0,15.0,26.0,0.0,35.0,33.0,39.0,0.0,39.0,37.0,32.0,0.0,30.0,49.0,49.0,8.0,0.0,230.0,0.0,16.0,0.0,0.0,85.0,3.0,0.0,1.0,2.0,0.0,0.0,394.0
2015,MADRE DE DIOS,4.0,0.0,0.0,46.0,0.0,0.0,242.0,1.0,7.0,18.0,0.0,107.0,1.0,15.0,14.0,5.0,6.0,5.0,15.0,1.0,1.0,102.0,65.0,48.0,47.0,32.0,109.0,85.0,26.0,0.0,33.0,51.0,23.0,0.0,34.0,26.0,37.0,0.0,40.0,58.0,57.0,0.0,55.0,48.0,67.0,4.0,8.0,266.0,0.0,15.0,4.0,0.0,110.0,5.0,1.0,5.0,3.0,0.0,0.0,488.0
2015,MARZO,0.0,0.0,0.0,0.0,0.0,0.0,0.0,0.0,0.0,0.0,0.0,0.0,0.0,0.0,0.0,0.0,0.0,0.0,0.0,0.0,0.0,0.0,0.0,0.0,0.0,0.0,0.0,0.0,0.0,0.0,0.0,0.0,0.0,0.0,0.0,0.0,0.0,0.0,0.0,0.0,0.0,0.0,0.0,0.0,0.0,0.0,0.0,0.0,0.0,0.0,0.0,0.0,0.0,0.0,0.0,0.0,0.0,525.0,111.0,0.0
2015,MAYO,0.0,0.0,0.0,0.0,0.0,0.0,0.0,0.0,0.0,0.0,0.0,0.0,0.0,0.0,0.0,0.0,0.0,0.0,0.0,0.0,0.0,0.0,0.0,0.0,0.0,0.0,0.0,0.0,0.0,0.0,0.0,0.0,0.0,0.0,0.0,0.0,0.0,0.0,0.0,0.0,0.0,0.0,0.0,0.0,0.0,0.0,0.0,0.0,0.0,0.0,0.0,0.0,0.0,0.0,0.0,0.0,0.0,392.0,65.0,0.0
2015,MOQUEGUA,2.0,0.0,0.0,50.0,0.0,1.0,160.0,4.0,0.0,23.0,0.0,175.0,2.0,19.0,10.0,73.0,11.0,31.0,9.0,2.0,1.0,75.0,83.0,84.0,80.0,73.0,93.0,85.0,18.0,0.0,51.0,36.0,58.0,0.0,64.0,41.0,40.0,0.0,85.0,31.0,54.0,0.0,69.0,26.0,65.0,15.0,3.0,268.0,0.0,28.0,3.0,0.0,110.0,49.0,0.0,8.0,24.0,0.0,0.0,573.0
2015,NOVIEMBRE,0.0,0.0,0.0,0.0,0.0,0.0,0.0,0.0,0.0,0.0,0.0,0.0,0.0,0.0,0.0,0.0,0.0,0.0,0.0,0.0,0.0,0.0,0.0,0.0,0.0,0.0,0.0,0.0,0.0,0.0,0.0,0.0,0.0,0.0,0.0,0.0,0.0,0.0,0.0,0.0,0.0,0.0,0.0,0.0,0.0,0.0,0.0,0.0,0.0,0.0,0.0,0.0,0.0,0.0,0.0,0.0,0.0,348.0,58.0,0.0
2015,OCTUBRE,0.0,0.0,0.0,0.0,0.0,0.0,0.0,0.0,0.0,0.0,0.0,0.0,0.0,0.0,0.0,0.0,0.0,0.0,0.0,0.0,0.0,0.0,0.0,0.0,0.0,0.0,0.0,0.0,0.0,0.0,0.0,0.0,0.0,0.0,0.0,0.0,0.0,0.0,0.0,0.0,0.0,0.0,0.0,0.0,0.0,0.0,0.0,0.0,0.0,0.0,0.0,0.0,0.0,0.0,0.0,0.0,0.0,450.0,65.0,0.0
2015,PASCO,0.0,0.0,0.0,6.0,0.0,0.0,25.0,5.0,1.0,3.0,0.0,22.0,0.0,6.0,9.0,3.0,4.0,2.0,6.0,3.0,0.0,12.0,11.0,7.0,15.0,8.0,21.0,21.0,2.0,0.0,2.0,8.0,10.0,0.0,14.0,8.0,9.0,0.0,11.0,11.0,10.0,0.0,9.0,1.0,10.0,2.0,0.0,30.0,6.0,3.0,1.0,0.0,21.0,16.0,0.0,1.0,5.0,0.0,0.0,95.0
2015,PIURA,75.0,0.0,0.0,515.0,55.0,17.0,923.0,22.0,47.0,137.0,0.0,905.0,110.0,280.0,133.0,81.0,150.0,121.0,223.0,14.0,59.0,575.0,462.0,630.0,525.0,492.0,657.0,526.0,119.0,0.0,203.0,225.0,281.0,0.0,388.0,366.0,322.0,0.0,448.0,435.0,468.0,0.0,439.0,173.0,587.0,180.0,43.0,1591.0,88.0,773.0,29.0,0.0,362.0,47.0,12.0,113.0,42.0,0.0,0.0,3867.0
2015,PUNO,0.0,0.0,0.0,108.0,0.0,1.0,266.0,10.0,1.0,31.0,0.0,367.0,4.0,42.0,32.0,6.0,15.0,25.0,14.0,0.0,0.0,103.0,127.0,145.0,128.0,142.0,142.0,135.0,24.0,0.0,66.0,79.0,75.0,0.0,119.0,62.0,86.0,0.0,96.0,89.0,110.0,0.0,72.0,44.0,120.0,25.0,8.0,355.0,20.0,130.0,16.0,0.0,124.0,81.0,0.0,17.0,26.0,0.0,0.0,922.0
2015,SAN MARTÍN,4.0,0.0,0.0,65.0,0.0,4.0,240.0,3.0,1.0,16.0,0.0,714.0,5.0,33.0,4.0,4.0,2.0,27.0,28.0,10.0,8.0,211.0,153.0,155.0,140.0,154.0,164.0,191.0,36.0,0.0,69.0,64.0,89.0,0.0,134.0,98.0,103.0,0.0,128.0,125.0,158.0,0.0,92.0,72.0,113.0,25.0,5.0,559.0,9.0,94.0,1.0,0.0,302.0,6.0,0.0,41.0,13.0,0.0,0.0,1168.0
2015,SETIEMBRE,0.0,0.0,0.0,0.0,0.0,0.0,0.0,0.0,0.0,0.0,0.0,0.0,0.0,0.0,0.0,0.0,0.0,0.0,0.0,0.0,0.0,0.0,0.0,0.0,0.0,0.0,0.0,0.0,0.0,0.0,0.0,0.0,0.0,0.0,0.0,0.0,0.0,0.0,0.0,0.0,0.0,0.0,0.0,0.0,0.0,0.0,0.0,0.0,0.0,0.0,0.0,0.0,0.0,0.0,0.0,0.0,0.0,282.0,37.0,0.0
2015,TACNA,35.0,0.0,0.0,64.0,0.0,0.0,449.0,3.0,0.0,22.0,0.0,370.0,15.0,122.0,14.0,4.0,8.0,11.0,22.0,3.0,0.0,124.0,147.0,194.0,143.0,130.0,221.0,183.0,76.0,0.0,75.0,93.0,124.0,0.0,126.0,122.0,90.0,0.0,78.0,97.0,96.0,0.0,105.0,60.0,200.0,25.0,37.0,639.0,14.0,62.0,0.0,0.0,133.0,16.0,0.0,12.0,4.0,0.0,0.0,1142.0
2015,TOTAL,2541.0,0.0,0.0,7754.0,445.0,375.0,30672.0,480.0,534.0,1905.0,0.0,27552.0,1736.0,6901.0,2065.0,1833.0,2629.0,5094.0,1660.0,637.0,719.0,12031.0,12594.0,12768.0,11308.0,12032.0,18240.0,16559.0,3937.0,0.0,4703.0,5257.0,8439.0,0.0,10145.0,8314.0,9065.0,0.0,9127.0,9887.0,11336.0,0.0,9435.0,5887.0,12833.0,2109.0,2355.0,44793.0,1222.0,11709.0,464.0,0.0,7559.0,1687.0,127.0,3774.0,1127.0,5453.0,788.0,0.0
2015,TOTAL ANUAL,0.0,0.0,0.0,0.0,0.0,0.0,95532.0,0.0,0.0,0.0,0.0,0.0,0.0,0.0,0.0,0.0,0.0,0.0,0.0,0.0,0.0,0.0,0.0,95532.0,0.0,0.0,0.0,0.0,95532.0,0.0,0.0,0.0,0.0,0.0,0.0,0.0,0.0,0.0,0.0,0.0,0.0,0.0,0.0,0.0,89759.0,0.0,0.0,0.0,0.0,0.0,0.0,0.0,0.0,0.0,0.0,0.0,0.0,0.0,0.0,0.0
2015,TOTAL SINIESTROS DE TRÁNSITO,0.0,0.0,0.0,0.0,0.0,0.0,0.0,0.0,0.0,0.0,0.0,0.0,0.0,0.0,0.0,0.0,0.0,0.0,0.0,0.0,0.0,0.0,0.0,0.0,0.0,0.0,0.0,0.0,0.0,0.0,0.0,0.0,0.0,0.0,0.0,0.0,0.0,0.0,0.0,0.0,0.0,0.0,0.0,0.0,0.0,0.0,0.0,0.0,0.0,0.0,0.0,0.0,0.0,0.0,0.0,0.0,0.0,0.0,0.0,95532.0
2015,TUMBES,3.0,0.0,0.0,32.0,2.0,5.0,135.0,3.0,1.0,14.0,0.0,139.0,6.0,27.0,10.0,7.0,25.0,6.0,8.0,2.0,8.0,53.0,49.0,65.0,51.0,69.0,83.0,63.0,9.0,0.0,16.0,22.0,29.0,0.0,38.0,39.0,50.0,0.0,43.0,59.0,57.0,0.0,40.0,31.0,60.0,13.0,1.0,233.0,3.0,32.0,5.0,0.0,65.0,7.0,0.0,11.0,3.0,0.0,0.0,433.0
2015,UCAYALI,18.0,0.0,0.0,100.0,6.0,23.0,166.0,6.0,27.0,32.0,0.0,245.0,9.0,49.0,13.0,2.0,16.0,34.0,22.0,18.0,29.0,96.0,106.0,101.0,91.0,99.0,182.0,140.0,44.0,0.0,86.0,83.0,64.0,0.0,105.0,92.0,89.0,0.0,58.0,64.0,42.0,0.0,52.0,36.0,97.0,31.0,6.0,326.0,49.0,145.0,2.0,0.0,111.0,24.0,5.0,6.0,13.0,0.0,0.0,815.0
2016,ABRIL,0.0,0.0,0.0,0.0,0.0,0.0,0.0,0.0,0.0,0.0,0.0,0.0,0.0,0.0,0.0,0.0,0.0,0.0,0.0,0.0,0.0,0.0,0.0,0.0,0.0,0.0,0.0,0.0,0.0,0.0,0.0,0.0,0.0,0.0,0.0,0.0,0.0,0.0,0.0,0.0,0.0,0.0,0.0,0.0,0.0,0.0,0.0,0.0,0.0,0.0,0.0,0.0,0.0,0.0,0.0,0.0,0.0,417.0,66.0,0.0
2016,AGOSTO,0.0,0.0,0.0,0.0,0.0,0.0,0.0,0.0,0.0,0.0,0.0,0.0,0.0,0.0,0.0,0.0,0.0,0.0,0.0,0.0,0.0,0.0,0.0,0.0,0.0,0.0,0.0,0.0,0.0,0.0,0.0,0.0,0.0,0.0,0.0,0.0,0.0,0.0,0.0,0.0,0.0,0.0,0.0,0.0,0.0,0.0,0.0,0.0,0.0,0.0,0.0,0.0,0.0,0.0,0.0,0.0,0.0,467.0,89.0,0.0
2016,AMAZONAS,8.0,0.0,0.0,68.0,1.0,12.0,184.0,25.0,5.0,20.0,0.0,197.0,4.0,51.0,11.0,0.0,4.0,16.0,21.0,0.0,1.0,94.0,104.0,79.0,108.0,68.0,85.0,90.0,9.0,0.0,9.0,18.0,35.0,0.0,72.0,58.0,55.0,0.0,125.0,42.0,98.0,0.0,80.0,27.0,88.0,7.0,6.0,261.0,5.0,57.0,9.0,0.0,114.0,18.0,1.0,19.0,43.0,0.0,0.0,628.0
2016,ANCASH,10.0,0.0,0.0,189.0,22.0,7.0,373.0,15.0,18.0,21.0,0.0,416.0,29.0,123.0,18.0,27.0,25.0,177.0,30.0,18.0,13.0,194.0,202.0,204.0,181.0,192.0,308.0,250.0,101.0,0.0,148.0,129.0,146.0,0.0,166.0,77.0,128.0,0.0,215.0,100.0,71.0,0.0,165.0,85.0,219.0,52.0,26.0,662.0,19.0,175.0,1.0,0.0,152.0,31.0,0.0,168.0,26.0,0.0,0.0,1531.0
2016,APURIMAC,0.0,0.0,0.0,60.0,1.0,0.0,107.0,17.0,0.0,8.0,0.0,88.0,9.0,36.0,3.0,5.0,11.0,10.0,7.0,1.0,0.0,35.0,55.0,35.0,36.0,44.0,77.0,81.0,28.0,0.0,26.0,28.0,19.0,0.0,29.0,31.0,42.0,0.0,38.0,35.0,37.0,0.0,16.0,34.0,0.0,0.0,0.0,0.0,0.0,0.0,0.0,0.0,0.0,0.0,0.0,0.0,0.0,0.0,0.0,363.0
2016,AREQUIPA,37.0,0.0,0.0,578.0,19.0,21.0,1450.0,35.0,13.0,75.0,0.0,2031.0,40.0,251.0,103.0,143.0,111.0,396.0,83.0,19.0,5.0,797.0,706.0,658.0,703.0,726.0,967.0,853.0,248.0,0.0,248.0,389.0,504.0,0.0,600.0,495.0,461.0,0.0,517.0,551.0,590.0,0.0,497.0,310.0,0.0,0.0,0.0,0.0,0.0,0.0,0.0,0.0,0.0,0.0,0.0,0.0,0.0,0.0,0.0,5410.0
2016,AYACUCHO,2.0,0.0,0.0,153.0,5.0,6.0,165.0,18.0,3.0,23.0,0.0,329.0,6.0,55.0,16.0,6.0,16.0,97.0,32.0,9.0,29.0,130.0,138.0,114.0,120.0,117.0,178.0,173.0,18.0,0.0,48.0,50.0,62.0,0.0,163.0,75.0,96.0,0.0,113.0,117.0,68.0,0.0,109.0,51.0,112.0,31.0,16.0,317.0,13.0,191.0,11.0,0.0,97.0,33.0,1.0,95.0,53.0,0.0,0.0,970.0
2016,CAJAMARCA,21.0,0.0,0.0,148.0,0.0,4.0,336.0,10.0,7.0,41.0,0.0,378.0,21.0,165.0,16.0,6.0,15.0,105.0,24.0,15.0,0.0,182.0,145.0,186.0,160.0,161.0,235.0,243.0,60.0,0.0,76.0,60.0,80.0,0.0,172.0,156.0,129.0,0.0,194.0,113.0,96.0,0.0,126.0,50.0,260.0,35.0,21.0,617.0,4.0,74.0,10.0,0.0,159.0,30.0,2.0,65.0,35.0,0.0,0.0,1312.0
2016,CALLAO,27.0,0.0,0.0,85.0,9.0,3.0,1001.0,39.0,20.0,52.0,0.0,1376.0,30.0,225.0,48.0,18.0,40.0,359.0,72.0,17.0,9.0,337.0,466.0,497.0,377.0,480.0,648.0,625.0,164.0,0.0,105.0,122.0,299.0,0.0,466.0,327.0,335.0,0.0,309.0,350.0,387.0,0.0,359.0,207.0,500.0,82.0,158.0,1634.0,44.0,411.0,0.0,0.0,318.0,28.0,0.0,218.0,37.0,0.0,0.0,3430.0
2016,CUSCO,42.0,0.0,0.0,350.0,18.0,4.0,837.0,54.0,3.0,91.0,0.0,992.0,45.0,322.0,130.0,28.0,113.0,252.0,64.0,14.0,7.0,472.0,460.0,432.0,400.0,398.0,620.0,584.0,135.0,0.0,189.0,199.0,257.0,0.0,340.0,258.0,296.0,0.0,337.0,337.0,449.0,0.0,358.0,211.0,759.0,42.0,70.0,1557.0,14.0,204.0,7.0,0.0,262.0,143.0,1.0,199.0,58.0,0.0,0.0,3366.0
2016,DICIEMBRE,0.0,0.0,0.0,0.0,0.0,0.0,0.0,0.0,0.0,0.0,0.0,0.0,0.0,0.0,0.0,0.0,0.0,0.0,0.0,0.0,0.0,0.0,0.0,0.0,0.0,0.0,0.0,0.0,0.0,0.0,0.0,0.0,0.0,0.0,0.0,0.0,0.0,0.0,0.0,0.0,0.0,0.0,0.0,0.0,0.0,0.0,0.0,0.0,0.0,0.0,0.0,0.0,0.0,0.0,0.0,0.0,0.0,549.0,66.0,0.0
2016,ENERO,0.0,0.0,0.0,0.0,0.0,0.0,0.0,0.0,0.0,0.0,0.0,0.0,0.0,0.0,0.0,0.0,0.0,0.0,0.0,0.0,0.0,0.0,0.0,0.0,0.0,0.0,0.0,0.0,0.0,0.0,0.0,0.0,0.0,0.0,0.0,0.0,0.0,0.0,0.0,0.0,0.0,0.0,0.0,0.0,0.0,0.0,0.0,0.0,0.0,0.0,0.0,0.0,0.0,0.0,0.0,0.0,0.0,681.0,88.0,0.0
2016,FEBRERO,0.0,0.0,0.0,0.0,0.0,0.0,0.0,0.0,0.0,0.0,0.0,0.0,0.0,0.0,0.0,0.0,0.0,0.0,0.0,0.0,0.0,0.0,0.0,0.0,0.0,0.0,0.0,0.0,0.0,0.0,0.0,0.0,0.0,0.0,0.0,0.0,0.0,0.0,0.0,0.0,0.0,0.0,0.0,0.0,0.0,0.0,0.0,0.0,0.0,0.0,0.0,0.0,0.0,0.0,0.0,0.0,0.0,506.0,62.0,0.0
2016,HUANCAVELICA,2.0,0.0,0.0,21.0,1.0,1.0,72.0,10.0,0.0,9.0,0.0,57.0,0.0,10.0,1.0,7.0,6.0,80.0,15.0,3.0,0.0,30.0,51.0,38.0,53.0,39.0,47.0,37.0,1.0,0.0,10.0,26.0,37.0,0.0,21.0,24.0,22.0,0.0,33.0,38.0,44.0,0.0,27.0,12.0,45.0,4.0,3.0,98.0,0.0,10.0,9.0,0.0,56.0,25.0,0.0,36.0,9.0,0.0,0.0,295.0
2016,HUÁNUCO,0.0,0.0,0.0,182.0,0.0,2.0,1833.0,1.0,0.0,0.0,0.0,26.0,0.0,0.0,5.0,1.0,0.0,7.0,9.0,0.0,1.0,278.0,283.0,219.0,206.0,241.0,416.0,424.0,109.0,0.0,114.0,164.0,180.0,0.0,216.0,205.0,177.0,0.0,198.0,189.0,188.0,0.0,185.0,142.0,25.0,4.0,18.0,1551.0,0.0,3.0,147.0,0.0,208.0,15.0,0.0,91.0,5.0,0.0,0.0,2067.0
2016,ICA,5.0,0.0,0.0,97.0,1.0,7.0,310.0,4.0,2.0,33.0,0.0,318.0,14.0,45.0,12.0,42.0,104.0,42.0,9.0,0.0,2.0,130.0,156.0,125.0,126.0,109.0,212.0,189.0,46.0,0.0,63.0,43.0,80.0,0.0,91.0,95.0,80.0,0.0,124.0,132.0,141.0,0.0,89.0,63.0,136.0,27.0,3.0,513.0,17.0,106.0,6.0,0.0,118.0,16.0,4.0,83.0,18.0,0.0,0.0,1047.0
2016,JULIO,0.0,0.0,0.0,0.0,0.0,0.0,0.0,0.0,0.0,0.0,0.0,0.0,0.0,0.0,0.0,0.0,0.0,0.0,0.0,0.0,0.0,0.0,0.0,0.0,0.0,0.0,0.0,0.0,0.0,0.0,0.0,0.0,0.0,0.0,0.0,0.0,0.0,0.0,0.0,0.0,0.0,0.0,0.0,0.0,0.0,0.0,0.0,0.0,0.0,0.0,0.0,0.0,0.0,0.0,0.0,0.0,0.0,622.0,52.0,0.0
2016,JUNIN,21.0,0.0,0.0,103.0,4.0,7.0,788.0,83.0,8.0,44.0,0.0,579.0,29.0,153.0,47.0,191.0,147.0,114.0,42.0,13.0,5.0,354.0,348.0,307.0,312.0,309.0,365.0,383.0,69.0,0.0,150.0,194.0,238.0,0.0,192.0,219.0,268.0,0.0,211.0,262.0,248.0,0.0,212.0,115.0,511.0,45.0,42.0,1054.0,23.0,123.0,7.0,0.0,333.0,117.0,0.0,73.0,50.0,0.0,0.0,2378.0
2016,JUNIO,0.0,0.0,0.0,0.0,0.0,0.0,0.0,0.0,0.0,0.0,0.0,0.0,0.0,0.0,0.0,0.0,0.0,0.0,0.0,0.0,0.0,0.0,0.0,0.0,0.0,0.0,0.0,0.0,0.0,0.0,0.0,0.0,0.0,0.0,0.0,0.0,0.0,0.0,0.0,0.0,0.0,0.0,0.0,0.0,0.0,0.0,0.0,0.0,0.0,0.0,0.0,0.0,0.0,0.0,0.0,0.0,0.0,475.0,52.0,0.0
2016,LA LIBERTAD,42.0,0.0,0.0,457.0,50.0,24.0,1307.0,6.0,39.0,154.0,0.0,1471.0,74.0,325.0,92.0,94.0,196.0,245.0,59.0,36.0,33.0,781.0,512.0,645.0,565.0,517.0,988.0,696.0,154.0,0.0,132.0,234.0,375.0,0.0,385.0,376.0,466.0,0.0,444.0,448.0,730.0,0.0,550.0,410.0,786.0,157.0,111.0,2056.0,146.0,515.0,2.0,0.0,477.0,99.0,6.0,311.0,38.0,0.0,0.0,4704.0
2016,LAMBAYEQUE,21.0,0.0,0.0,254.0,3.0,5.0,732.0,4.0,63.0,62.0,0.0,912.0,19.0,176.0,51.0,67.0,84.0,292.0,30.0,14.0,15.0,417.0,330.0,385.0,433.0,316.0,476.0,447.0,186.0,0.0,69.0,101.0,137.0,0.0,195.0,369.0,276.0,0.0,227.0,343.0,372.0,0.0,289.0,240.0,422.0,69.0,43.0,1349.0,43.0,304.0,19.0,0.0,190.0,43.0,0.0,189.0,33.0,0.0,0.0,2804.0
2016,LIMA,1840.0,0.0,0.0,2536.0,88.0,197.0,15929.0,168.0,204.0,1019.0,0.0,13080.0,1222.0,3496.0,1084.0,1189.0,1794.0,3667.0,726.0,708.0,357.0,5473.0,7139.0,6377.0,5690.0,6337.0,9127.0,9161.0,2136.0,0.0,2382.0,2627.0,4530.0,0.0,5568.0,4759.0,4211.0,0.0,4153.0,4805.0,5807.0,0.0,5075.0,3251.0,6735.0,1230.0,1503.0,24129.0,1058.0,7641.0,116.0,0.0,3323.0,640.0,61.0,2355.0,513.0,0.0,0.0,49304.0
2016,LORETO,9.0,0.0,0.0,60.0,5.0,2.0,88.0,1.0,2.0,0.0,0.0,144.0,0.0,9.0,2.0,4.0,3.0,3.0,23.0,3.0,1.0,86.0,16.0,40.0,33.0,22.0,98.0,64.0,16.0,0.0,33.0,31.0,25.0,0.0,44.0,43.0,42.0,0.0,28.0,34.0,21.0,0.0,28.0,14.0,51.0,2.0,0.0,181.0,1.0,33.0,0.0,0.0,67.0,2.0,0.0,1.0,0.0,0.0,0.0,359.0
2016,MADRE DE DIOS,25.0,0.0,0.0,96.0,2.0,2.0,232.0,7.0,1.0,16.0,0.0,134.0,2.0,25.0,10.0,3.0,9.0,33.0,11.0,0.0,0.0,95.0,77.0,101.0,73.0,88.0,84.0,90.0,30.0,0.0,53.0,51.0,54.0,0.0,58.0,57.0,64.0,0.0,48.0,63.0,40.0,0.0,64.0,26.0,72.0,4.0,8.0,316.0,3.0,32.0,0.0,0.0,151.0,14.0,0.0,5.0,3.0,0.0,0.0,608.0
2016,MARZO,0.0,0.0,0.0,0.0,0.0,0.0,0.0,0.0,0.0,0.0,0.0,0.0,0.0,0.0,0.0,0.0,0.0,0.0,0.0,0.0,0.0,0.0,0.0,0.0,0.0,0.0,0.0,0.0,0.0,0.0,0.0,0.0,0.0,0.0,0.0,0.0,0.0,0.0,0.0,0.0,0.0,0.0,0.0,0.0,0.0,0.0,0.0,0.0,0.0,0.0,0.0,0.0,0.0,0.0,0.0,0.0,0.0,463.0,63.0,0.0
2016,MAYO,0.0,0.0,0.0,0.0,0.0,0.0,0.0,0.0,0.0,0.0,0.0,0.0,0.0,0.0,0.0,0.0,0.0,0.0,0.0,0.0,0.0,0.0,0.0,0.0,0.0,0.0,0.0,0.0,0.0,0.0,0.0,0.0,0.0,0.0,0.0,0.0,0.0,0.0,0.0,0.0,0.0,0.0,0.0,0.0,0.0,0.0,0.0,0.0,0.0,0.0,0.0,0.0,0.0,0.0,0.0,0.0,0.0,528.0,73.0,0.0
2016,MOQUEGUA,2.0,0.0,0.0,58.0,2.0,2.0,72.0,10.0,0.0,21.0,0.0,168.0,2.0,32.0,14.0,96.0,19.0,43.0,13.0,1.0,4.0,78.0,75.0,65.0,59.0,80.0,102.0,100.0,16.0,0.0,29.0,31.0,45.0,0.0,66.0,64.0,40.0,0.0,50.0,71.0,60.0,0.0,66.0,21.0,79.0,16.0,7.0,225.0,16.0,42.0,0.0,0.0,75.0,49.0,0.0,35.0,15.0,0.0,0.0,559.0
2016,NOVIEMBRE,0.0,0.0,0.0,0.0,0.0,0.0,0.0,0.0,0.0,0.0,0.0,0.0,0.0,0.0,0.0,0.0,0.0,0.0,0.0,0.0,0.0,0.0,0.0,0.0,0.0,0.0,0.0,0.0,0.0,0.0,0.0,0.0,0.0,0.0,0.0,0.0,0.0,0.0,0.0,0.0,0.0,0.0,0.0,0.0,0.0,0.0,0.0,0.0,0.0,0.0,0.0,0.0,0.0,0.0,0.0,0.0,0.0,687.0,75.0,0.0
2016,OCTUBRE,0.0,0.0,0.0,0.0,0.0,0.0,0.0,0.0,0.0,0.0,0.0,0.0,0.0,0.0,0.0,0.0,0.0,0.0,0.0,0.0,0.0,0.0,0.0,0.0,0.0,0.0,0.0,0.0,0.0,0.0,0.0,0.0,0.0,0.0,0.0,0.0,0.0,0.0,0.0,0.0,0.0,0.0,0.0,0.0,0.0,0.0,0.0,0.0,0.0,0.0,0.0,0.0,0.0,0.0,0.0,0.0,0.0,542.0,54.0,0.0
2016,PASCO,0.0,0.0,0.0,6.0,1.0,0.0,16.0,1.0,0.0,1.0,0.0,17.0,0.0,1.0,0.0,0.0,0.0,0.0,1.0,0.0,0.0,3.0,5.0,5.0,3.0,10.0,5.0,13.0,2.0,0.0,3.0,3.0,1.0,0.0,5.0,4.0,5.0,0.0,5.0,7.0,2.0,0.0,7.0,0.0,4.0,0.0,0.0,18.0,0.0,1.0,1.0,0.0,12.0,5.0,0.0,0.0,3.0,0.0,0.0,44.0
2016,PIURA,7.0,0.0,0.0,508.0,12.0,20.0,1094.0,37.0,31.0,81.0,0.0,916.0,62.0,130.0,113.0,67.0,85.0,115.0,134.0,5.0,63.0,405.0,388.0,591.0,366.0,508.0,676.0,546.0,80.0,0.0,192.0,170.0,287.0,0.0,228.0,359.0,303.0,0.0,355.0,273.0,574.0,0.0,467.0,192.0,442.0,116.0,54.0,1615.0,38.0,676.0,30.0,0.0,230.0,59.0,5.0,172.0,43.0,0.0,0.0,3480.0
2016,PUNO,0.0,0.0,0.0,81.0,0.0,4.0,241.0,5.0,1.0,33.0,0.0,267.0,0.0,38.0,39.0,4.0,23.0,18.0,11.0,0.0,0.0,77.0,118.0,105.0,95.0,115.0,119.0,136.0,26.0,0.0,56.0,70.0,54.0,0.0,98.0,47.0,59.0,0.0,84.0,76.0,88.0,0.0,71.0,36.0,111.0,25.0,12.0,292.0,18.0,105.0,7.0,0.0,97.0,75.0,0.0,5.0,1.0,0.0,0.0,765.0
2016,SAN MARTÍN,24.0,0.0,0.0,240.0,1.0,6.0,704.0,16.0,7.0,42.0,0.0,651.0,6.0,91.0,2.0,4.0,4.0,115.0,76.0,12.0,1.0,390.0,227.0,278.0,242.0,256.0,351.0,258.0,75.0,0.0,53.0,95.0,131.0,0.0,172.0,182.0,202.0,0.0,170.0,292.0,276.0,0.0,227.0,127.0,232.0,53.0,7.0,918.0,6.0,135.0,0.0,0.0,538.0,11.0,1.0,72.0,29.0,0.0,0.0,2002.0
2016,SETIEMBRE,0.0,0.0,0.0,0.0,0.0,0.0,0.0,0.0,0.0,0.0,0.0,0.0,0.0,0.0,0.0,0.0,0.0,0.0,0.0,0.0,0.0,0.0,0.0,0.0,0.0,0.0,0.0,0.0,0.0,0.0,0.0,0.0,0.0,0.0,0.0,0.0,0.0,0.0,0.0,0.0,0.0,0.0,0.0,0.0,0.0,0.0,0.0,0.0,0.0,0.0,0.0,0.0,0.0,0.0,0.0,0.0,0.0,524.0,72.0,0.0
2016,TACNA,17.0,0.0,0.0,86.0,1.0,0.0,281.0,0.0,0.0,40.0,0.0,301.0,1.0,93.0,7.0,20.0,43.0,12.0,7.0,1.0,0.0,131.0,87.0,141.0,107.0,138.0,156.0,150.0,68.0,0.0,51.0,64.0,62.0,0.0,109.0,68.0,71.0,0.0,73.0,89.0,109.0,0.0,80.0,66.0,144.0,12.0,10.0,497.0,4.0,66.0,1.0,0.0,146.0,19.0,0.0,8.0,3.0,0.0,0.0,910.0
2016,TOTAL,2165.0,0.0,0.0,6522.0,256.0,352.0,28380.0,578.0,435.0,1907.0,0.0,25210.0,1617.0,5899.0,1845.0,2051.0,2881.0,6242.0,1512.0,903.0,549.0,11137.0,12188.0,11779.0,10583.0,11379.0,16499.0,15739.0,3808.0,0.0,4286.0,4951.0,7709.0,0.0,9549.0,8437.0,7912.0,0.0,8146.0,8878.0,10616.0,0.0,9253.0,5759.0,11848.0,2069.0,2125.0,40319.0,1484.0,11005.0,384.0,0.0,7281.0,1506.0,94.0,4216.0,1022.0,6461.0,812.0,0.0
2016,TOTAL ANUAL,0.0,0.0,0.0,0.0,0.0,0.0,89304.0,0.0,0.0,0.0,0.0,0.0,0.0,0.0,0.0,0.0,0.0,0.0,0.0,0.0,0.0,0.0,0.0,89304.0,0.0,0.0,0.0,0.0,89304.0,0.0,0.0,0.0,0.0,0.0,0.0,0.0,0.0,0.0,0.0,0.0,0.0,0.0,0.0,0.0,83353.0,0.0,0.0,0.0,0.0,0.0,0.0,0.0,0.0,0.0,0.0,0.0,0.0,0.0,0.0,0.0
2016,TOTAL SINIESTROS DE TRÁNSITO,0.0,0.0,0.0,0.0,0.0,0.0,0.0,0.0,0.0,0.0,0.0,0.0,0.0,0.0,0.0,0.0,0.0,0.0,0.0,0.0,0.0,0.0,0.0,0.0,0.0,0.0,0.0,0.0,0.0,0.0,0.0,0.0,0.0,0.0,0.0,0.0,0.0,0.0,0.0,0.0,0.0,0.0,0.0,0.0,0.0,0.0,0.0,0.0,0.0,0.0,0.0,0.0,0.0,0.0,0.0,0.0,0.0,0.0,0.0,89304.0
2016,TUMBES,0.0,0.0,0.0,61.0,1.0,1.0,143.0,5.0,4.0,14.0,0.0,197.0,1.0,29.0,6.0,18.0,23.0,20.0,5.0,5.0,1.0,85.0,49.0,89.0,68.0,62.0,85.0,96.0,13.0,0.0,15.0,27.0,41.0,0.0,67.0,48.0,39.0,0.0,63.0,55.0,64.0,0.0,65.0,37.0,64.0,16.0,5.0,301.0,4.0,43.0,0.0,0.0,75.0,18.0,0.0,6.0,2.0,0.0,0.0,534.0
2016,UCAYALI,3.0,0.0,0.0,45.0,9.0,15.0,85.0,7.0,4.0,7.0,0.0,165.0,1.0,18.0,15.0,11.0,6.0,24.0,8.0,9.0,2.0,83.0,51.0,63.0,67.0,46.0,74.0,50.0,18.0,0.0,32.0,25.0,30.0,0.0,26.0,41.0,45.0,0.0,32.0,56.0,56.0,0.0,41.0,32.0,51.0,40.0,2.0,158.0,8.0,58.0,1.0,0.0,83.0,16.0,12.0,10.0,5.0,0.0,0.0,434.0
2017,ABRIL,0.0,0.0,0.0,0.0,0.0,0.0,0.0,0.0,0.0,0.0,0.0,0.0,0.0,0.0,0.0,0.0,0.0,0.0,0.0,0.0,0.0,0.0,0.0,0.0,0.0,0.0,0.0,0.0,0.0,0.0,0.0,0.0,0.0,0.0,0.0,0.0,0.0,0.0,0.0,0.0,0.0,0.0,0.0,0.0,0.0,0.0,0.0,0.0,0.0,0.0,0.0,0.0,0.0,0.0,0.0,0.0,0.0,441.0,40.0,0.0
2017,AGOSTO,0.0,0.0,0.0,0.0,0.0,0.0,0.0,0.0,0.0,0.0,0.0,0.0,0.0,0.0,0.0,0.0,0.0,0.0,0.0,0.0,0.0,0.0,0.0,0.0,0.0,0.0,0.0,0.0,0.0,0.0,0.0,0.0,0.0,0.0,0.0,0.0,0.0,0.0,0.0,0.0,0.0,0.0,0.0,0.0,0.0,0.0,0.0,0.0,0.0,0.0,0.0,0.0,0.0,0.0,0.0,0.0,0.0,485.0,55.0,0.0
2017,AMAZONAS,0.0,0.0,0.0,72.0,2.0,2.0,115.0,10.0,2.0,8.0,0.0,111.0,2.0,25.0,10.0,1.0,8.0,20.0,24.0,0.0,11.0,74.0,66.0,47.0,51.0,54.0,70.0,61.0,12.0,0.0,15.0,23.0,34.0,0.0,52.0,38.0,35.0,0.0,52.0,36.0,53.0,0.0,45.0,28.0,53.0,12.0,6.0,180.0,2.0,27.0,0.0,0.0,90.0,18.0,1.0,15.0,19.0,0.0,0.0,423.0
2017,ANCASH,15.0,0.0,0.0,181.0,10.0,5.0,557.0,27.0,15.0,30.0,0.0,486.0,61.0,111.0,87.0,36.0,78.0,200.0,47.0,15.0,12.0,303.0,209.0,241.0,239.0,294.0,387.0,300.0,116.0,0.0,109.0,168.0,140.0,0.0,215.0,146.0,133.0,0.0,231.0,179.0,178.0,0.0,216.0,142.0,340.0,36.0,16.0,924.0,11.0,218.0,5.0,0.0,167.0,90.0,6.0,117.0,43.0,0.0,0.0,1973.0
2017,APURIMAC,2.0,0.0,0.0,58.0,1.0,0.0,111.0,17.0,1.0,19.0,0.0,166.0,1.0,22.0,5.0,3.0,8.0,52.0,2.0,3.0,2.0,72.0,63.0,44.0,67.0,65.0,92.0,70.0,16.0,0.0,38.0,41.0,51.0,0.0,41.0,27.0,54.0,0.0,32.0,43.0,76.0,0.0,34.0,20.0,96.0,5.0,12.0,212.0,15.0,14.0,1.0,0.0,57.0,36.0,0.0,15.0,10.0,0.0,0.0,473.0
2017,AREQUIPA,31.0,0.0,0.0,415.0,27.0,24.0,1438.0,58.0,20.0,91.0,0.0,1806.0,67.0,321.0,127.0,217.0,185.0,167.0,124.0,25.0,14.0,700.0,627.0,659.0,647.0,699.0,944.0,881.0,240.0,0.0,262.0,335.0,539.0,0.0,562.0,497.0,502.0,0.0,458.0,469.0,570.0,0.0,434.0,289.0,751.0,115.0,144.0,2526.0,36.0,415.0,15.0,0.0,470.0,197.0,8.0,373.0,107.0,0.0,0.0,5157.0
2017,AYACUCHO,4.0,0.0,0.0,160.0,5.0,1.0,130.0,28.0,2.0,17.0,0.0,298.0,11.0,37.0,17.0,9.0,6.0,88.0,24.0,7.0,2.0,125.0,120.0,98.0,94.0,106.0,172.0,131.0,37.0,0.0,60.0,42.0,45.0,0.0,86.0,75.0,62.0,0.0,88.0,92.0,95.0,0.0,77.0,87.0,99.0,34.0,23.0,259.0,5.0,165.0,2.0,0.0,70.0,64.0,0.0,80.0,45.0,0.0,0.0,846.0
2017,CAJAMARCA,23.0,0.0,0.0,176.0,6.0,6.0,300.0,45.0,5.0,45.0,0.0,747.0,23.0,149.0,27.0,58.0,38.0,55.0,62.0,7.0,5.0,253.0,246.0,292.0,224.0,217.0,295.0,250.0,84.0,0.0,75.0,85.0,147.0,0.0,199.0,193.0,185.0,0.0,185.0,210.0,187.0,0.0,152.0,75.0,278.0,28.0,27.0,910.0,13.0,75.0,20.0,0.0,282.0,52.0,0.0,30.0,62.0,0.0,0.0,1777.0
2017,CALLAO,14.0,0.0,0.0,100.0,6.0,4.0,919.0,0.0,6.0,52.0,0.0,1643.0,21.0,217.0,56.0,25.0,38.0,252.0,38.0,5.0,6.0,300.0,468.0,479.0,461.0,452.0,674.0,568.0,127.0,0.0,120.0,153.0,360.0,0.0,475.0,293.0,276.0,0.0,326.0,371.0,396.0,0.0,319.0,186.0,491.0,92.0,110.0,1690.0,29.0,441.0,2.0,0.0,276.0,35.0,4.0,195.0,37.0,0.0,0.0,3402.0
2017,CUSCO,38.0,0.0,0.0,356.0,41.0,8.0,873.0,49.0,3.0,70.0,0.0,839.0,46.0,293.0,146.0,53.0,189.0,161.0,47.0,6.0,17.0,433.0,403.0,448.0,406.0,403.0,616.0,526.0,143.0,0.0,116.0,176.0,321.0,0.0,374.0,325.0,330.0,0.0,328.0,308.0,335.0,0.0,283.0,196.0,781.0,55.0,135.0,1324.0,37.0,211.0,16.0,0.0,276.0,143.0,0.0,193.0,64.0,0.0,0.0,3235.0
2017,DICIEMBRE,0.0,0.0,0.0,0.0,0.0,0.0,0.0,0.0,0.0,0.0,0.0,0.0,0.0,0.0,0.0,0.0,0.0,0.0,0.0,0.0,0.0,0.0,0.0,0.0,0.0,0.0,0.0,0.0,0.0,0.0,0.0,0.0,0.0,0.0,0.0,0.0,0.0,0.0,0.0,0.0,0.0,0.0,0.0,0.0,0.0,0.0,0.0,0.0,0.0,0.0,0.0,0.0,0.0,0.0,0.0,0.0,0.0,525.0,61.0,0.0
2017,ENERO,0.0,0.0,0.0,0.0,0.0,0.0,0.0,0.0,0.0,0.0,0.0,0.0,0.0,0.0,0.0,0.0,0.0,0.0,0.0,0.0,0.0,0.0,0.0,0.0,0.0,0.0,0.0,0.0,0.0,0.0,0.0,0.0,0.0,0.0,0.0,0.0,0.0,0.0,0.0,0.0,0.0,0.0,0.0,0.0,0.0,0.0,0.0,0.0,0.0,0.0,0.0,0.0,0.0,0.0,0.0,0.0,0.0,678.0,77.0,0.0
2017,FEBRERO,0.0,0.0,0.0,0.0,0.0,0.0,0.0,0.0,0.0,0.0,0.0,0.0,0.0,0.0,0.0,0.0,0.0,0.0,0.0,0.0,0.0,0.0,0.0,0.0,0.0,0.0,0.0,0.0,0.0,0.0,0.0,0.0,0.0,0.0,0.0,0.0,0.0,0.0,0.0,0.0,0.0,0.0,0.0,0.0,0.0,0.0,0.0,0.0,0.0,0.0,0.0,0.0,0.0,0.0,0.0,0.0,0.0,623.0,74.0,0.0
2017,HUANCAVELICA,0.0,0.0,0.0,22.0,0.0,0.0,41.0,12.0,4.0,11.0,0.0,51.0,0.0,7.0,4.0,24.0,14.0,21.0,8.0,1.0,0.0,42.0,25.0,13.0,33.0,32.0,33.0,42.0,5.0,0.0,5.0,10.0,19.0,0.0,14.0,29.0,17.0,0.0,39.0,22.0,37.0,0.0,17.0,6.0,34.0,2.0,0.0,45.0,10.0,4.0,7.0,0.0,49.0,35.0,0.0,26.0,8.0,0.0,0.0,220.0
2017,HUÁNUCO,3.0,0.0,0.0,116.0,2.0,1.0,1360.0,4.0,1.0,2.0,0.0,148.0,3.0,24.0,14.0,2.0,1.0,23.0,17.0,2.0,1.0,308.0,223.0,121.0,126.0,175.0,428.0,343.0,26.0,0.0,40.0,84.0,156.0,0.0,149.0,200.0,164.0,0.0,180.0,214.0,208.0,0.0,195.0,108.0,134.0,6.0,3.0,1140.0,44.0,22.0,65.0,0.0,195.0,44.0,0.0,55.0,16.0,0.0,0.0,1724.0
2017,ICA,1.0,0.0,0.0,131.0,11.0,5.0,292.0,8.0,6.0,24.0,0.0,358.0,9.0,43.0,13.0,48.0,77.0,104.0,24.0,23.0,4.0,188.0,156.0,149.0,110.0,146.0,237.0,195.0,46.0,0.0,76.0,69.0,108.0,0.0,97.0,108.0,112.0,0.0,90.0,152.0,118.0,0.0,103.0,102.0,144.0,37.0,8.0,611.0,10.0,115.0,13.0,0.0,133.0,26.0,5.0,58.0,21.0,0.0,0.0,1181.0
2017,JULIO,0.0,0.0,0.0,0.0,0.0,0.0,0.0,0.0,0.0,0.0,0.0,0.0,0.0,0.0,0.0,0.0,0.0,0.0,0.0,0.0,0.0,0.0,0.0,0.0,0.0,0.0,0.0,0.0,0.0,0.0,0.0,0.0,0.0,0.0,0.0,0.0,0.0,0.0,0.0,0.0,0.0,0.0,0.0,0.0,0.0,0.0,0.0,0.0,0.0,0.0,0.0,0.0,0.0,0.0,0.0,0.0,0.0,616.0,81.0,0.0
2017,JUNIN,10.0,0.0,0.0,120.0,10.0,7.0,772.0,88.0,0.0,40.0,0.0,642.0,63.0,180.0,77.0,84.0,165.0,129.0,28.0,35.0,7.0,356.0,300.0,336.0,298.0,307.0,481.0,379.0,118.0,0.0,152.0,196.0,239.0,0.0,247.0,242.0,264.0,0.0,188.0,222.0,240.0,0.0,205.0,144.0,471.0,46.0,74.0,1088.0,11.0,153.0,2.0,0.0,375.0,107.0,0.0,85.0,45.0,0.0,0.0,2457.0
2017,JUNIO,0.0,0.0,0.0,0.0,0.0,0.0,0.0,0.0,0.0,0.0,0.0,0.0,0.0,0.0,0.0,0.0,0.0,0.0,0.0,0.0,0.0,0.0,0.0,0.0,0.0,0.0,0.0,0.0,0.0,0.0,0.0,0.0,0.0,0.0,0.0,0.0,0.0,0.0,0.0,0.0,0.0,0.0,0.0,0.0,0.0,0.0,0.0,0.0,0.0,0.0,0.0,0.0,0.0,0.0,0.0,0.0,0.0,404.0,59.0,0.0
2017,LA LIBERTAD,30.0,0.0,0.0,339.0,33.0,1.0,1369.0,62.0,37.0,125.0,0.0,1349.0,64.0,337.0,105.0,96.0,277.0,152.0,153.0,38.0,37.0,756.0,530.0,604.0,489.0,562.0,928.0,735.0,276.0,0.0,263.0,277.0,432.0,0.0,384.0,430.0,414.0,0.0,421.0,429.0,488.0,0.0,452.0,338.0,717.0,141.0,144.0,1837.0,94.0,509.0,10.0,0.0,726.0,130.0,9.0,243.0,44.0,0.0,0.0,4604.0
2017,LAMBAYEQUE,9.0,0.0,0.0,284.0,10.0,7.0,1101.0,21.0,44.0,26.0,0.0,934.0,60.0,136.0,74.0,53.0,58.0,227.0,102.0,3.0,39.0,493.0,402.0,479.0,412.0,397.0,565.0,440.0,225.0,0.0,177.0,105.0,274.0,0.0,252.0,308.0,289.0,0.0,278.0,328.0,379.0,0.0,308.0,265.0,452.0,78.0,52.0,1518.0,30.0,312.0,21.0,0.0,336.0,25.0,2.0,336.0,26.0,0.0,0.0,3188.0
2017,LIMA,1696.0,0.0,0.0,3249.0,268.0,117.0,13658.0,210.0,248.0,1106.0,0.0,13601.0,1093.0,3320.0,1134.0,2090.0,2021.0,4164.0,602.0,271.0,360.0,5891.0,6776.0,6492.0,6044.0,6614.0,8972.0,8419.0,2425.0,0.0,2425.0,2702.0,4162.0,0.0,5088.0,4767.0,4222.0,0.0,4200.0,5180.0,5707.0,0.0,5172.0,3158.0,7121.0,1165.0,1556.0,22619.0,733.0,7086.0,167.0,0.0,3630.0,529.0,38.0,4000.0,564.0,0.0,0.0,49208.0
2017,LORETO,4.0,0.0,0.0,37.0,0.0,0.0,199.0,0.0,1.0,9.0,0.0,147.0,0.0,9.0,1.0,0.0,1.0,7.0,18.0,5.0,4.0,76.0,40.0,42.0,36.0,39.0,120.0,89.0,35.0,0.0,17.0,42.0,63.0,0.0,28.0,33.0,49.0,0.0,25.0,56.0,45.0,0.0,23.0,26.0,39.0,3.0,3.0,280.0,3.0,13.0,0.0,0.0,88.0,11.0,0.0,2.0,0.0,0.0,0.0,442.0
2017,MADRE DE DIOS,3.0,0.0,0.0,117.0,5.0,1.0,191.0,23.0,0.0,7.0,0.0,217.0,5.0,13.0,50.0,0.0,6.0,7.0,8.0,2.0,2.0,102.0,71.0,64.0,75.0,112.0,92.0,141.0,46.0,0.0,93.0,60.0,56.0,0.0,48.0,73.0,37.0,0.0,46.0,39.0,54.0,0.0,47.0,58.0,44.0,4.0,0.0,252.0,4.0,17.0,32.0,0.0,261.0,26.0,1.0,9.0,7.0,0.0,0.0,657.0
2017,MARZO,0.0,0.0,0.0,0.0,0.0,0.0,0.0,0.0,0.0,0.0,0.0,0.0,0.0,0.0,0.0,0.0,0.0,0.0,0.0,0.0,0.0,0.0,0.0,0.0,0.0,0.0,0.0,0.0,0.0,0.0,0.0,0.0,0.0,0.0,0.0,0.0,0.0,0.0,0.0,0.0,0.0,0.0,0.0,0.0,0.0,0.0,0.0,0.0,0.0,0.0,0.0,0.0,0.0,0.0,0.0,0.0,0.0,471.0,86.0,0.0
2017,MAYO,0.0,0.0,0.0,0.0,0.0,0.0,0.0,0.0,0.0,0.0,0.0,0.0,0.0,0.0,0.0,0.0,0.0,0.0,0.0,0.0,0.0,0.0,0.0,0.0,0.0,0.0,0.0,0.0,0.0,0.0,0.0,0.0,0.0,0.0,0.0,0.0,0.0,0.0,0.0,0.0,0.0,0.0,0.0,0.0,0.0,0.0,0.0,0.0,0.0,0.0,0.0,0.0,0.0,0.0,0.0,0.0,0.0,535.0,57.0,0.0
2017,MOQUEGUA,12.0,0.0,0.0,27.0,0.0,1.0,144.0,17.0,2.0,12.0,0.0,132.0,0.0,24.0,17.0,8.0,46.0,127.0,12.0,0.0,2.0,85.0,85.0,82.0,93.0,68.0,98.0,72.0,39.0,0.0,28.0,40.0,59.0,0.0,58.0,60.0,55.0,0.0,58.0,64.0,52.0,0.0,38.0,32.0,72.0,8.0,7.0,240.0,6.0,21.0,4.0,0.0,65.0,59.0,0.0,85.0,16.0,0.0,0.0,583.0
2017,NOVIEMBRE,0.0,0.0,0.0,0.0,0.0,0.0,0.0,0.0,0.0,0.0,0.0,0.0,0.0,0.0,0.0,0.0,0.0,0.0,0.0,0.0,0.0,0.0,0.0,0.0,0.0,0.0,0.0,0.0,0.0,0.0,0.0,0.0,0.0,0.0,0.0,0.0,0.0,0.0,0.0,0.0,0.0,0.0,0.0,0.0,0.0,0.0,0.0,0.0,0.0,0.0,0.0,0.0,0.0,0.0,0.0,0.0,0.0,456.0,56.0,0.0
2017,OCTUBRE,0.0,0.0,0.0,0.0,0.0,0.0,0.0,0.0,0.0,0.0,0.0,0.0,0.0,0.0,0.0,0.0,0.0,0.0,0.0,0.0,0.0,0.0,0.0,0.0,0.0,0.0,0.0,0.0,0.0,0.0,0.0,0.0,0.0,0.0,0.0,0.0,0.0,0.0,0.0,0.0,0.0,0.0,0.0,0.0,0.0,0.0,0.0,0.0,0.0,0.0,0.0,0.0,0.0,0.0,0.0,0.0,0.0,468.0,66.0,0.0
2017,PASCO,0.0,0.0,0.0,9.0,0.0,0.0,46.0,5.0,0.0,8.0,0.0,21.0,0.0,6.0,4.0,3.0,4.0,10.0,4.0,1.0,0.0,17.0,20.0,10.0,14.0,15.0,18.0,27.0,4.0,0.0,6.0,8.0,9.0,0.0,15.0,11.0,12.0,0.0,17.0,17.0,10.0,0.0,6.0,6.0,13.0,1.0,0.0,49.0,2.0,5.0,1.0,0.0,23.0,6.0,0.0,16.0,5.0,0.0,0.0,121.0
2017,PIURA,23.0,0.0,0.0,328.0,6.0,4.0,846.0,20.0,12.0,68.0,0.0,514.0,31.0,53.0,54.0,59.0,33.0,79.0,153.0,10.0,10.0,355.0,219.0,379.0,134.0,297.0,509.0,410.0,82.0,0.0,84.0,112.0,204.0,0.0,94.0,159.0,151.0,0.0,218.0,160.0,518.0,0.0,353.0,168.0,245.0,42.0,43.0,950.0,43.0,398.0,33.0,0.0,305.0,47.0,1.0,166.0,30.0,0.0,0.0,2303.0
2017,PUNO,0.0,0.0,0.0,189.0,0.0,1.0,286.0,2.0,2.0,10.0,0.0,311.0,1.0,47.0,4.0,37.0,21.0,41.0,15.0,0.0,1.0,128.0,130.0,128.0,124.0,123.0,174.0,161.0,34.0,0.0,28.0,58.0,75.0,0.0,104.0,90.0,61.0,0.0,88.0,92.0,135.0,0.0,123.0,80.0,164.0,36.0,4.0,450.0,10.0,56.0,1.0,0.0,147.0,61.0,2.0,19.0,18.0,0.0,0.0,968.0
2017,SAN MARTÍN,5.0,0.0,0.0,107.0,0.0,2.0,362.0,20.0,7.0,38.0,0.0,717.0,1.0,58.0,19.0,4.0,48.0,87.0,50.0,2.0,6.0,308.0,171.0,228.0,189.0,172.0,240.0,225.0,62.0,0.0,49.0,68.0,101.0,0.0,116.0,158.0,139.0,0.0,143.0,177.0,247.0,0.0,161.0,112.0,197.0,40.0,12.0,682.0,5.0,84.0,0.0,0.0,444.0,20.0,1.0,39.0,9.0,0.0,0.0,1533.0
2017,SETIEMBRE,0.0,0.0,0.0,0.0,0.0,0.0,0.0,0.0,0.0,0.0,0.0,0.0,0.0,0.0,0.0,0.0,0.0,0.0,0.0,0.0,0.0,0.0,0.0,0.0,0.0,0.0,0.0,0.0,0.0,0.0,0.0,0.0,0.0,0.0,0.0,0.0,0.0,0.0,0.0,0.0,0.0,0.0,0.0,0.0,0.0,0.0,0.0,0.0,0.0,0.0,0.0,0.0,0.0,0.0,0.0,0.0,0.0,419.0,60.0,0.0
2017,TACNA,0.0,0.0,0.0,50.0,0.0,0.0,163.0,1.0,3.0,12.0,0.0,327.0,0.0,27.0,5.0,75.0,21.0,92.0,5.0,0.0,0.0,80.0,89.0,101.0,87.0,108.0,181.0,135.0,19.0,0.0,64.0,61.0,65.0,0.0,75.0,59.0,76.0,0.0,64.0,89.0,94.0,0.0,82.0,33.0,112.0,18.0,11.0,492.0,3.0,28.0,0.0,0.0,90.0,18.0,1.0,4.0,4.0,0.0,0.0,781.0
2017,TOTAL,1930.0,0.0,0.0,6769.0,444.0,203.0,25445.0,734.0,425.0,1849.0,0.0,25903.0,1564.0,5492.0,2068.0,3018.0,3429.0,6314.0,1575.0,462.0,544.0,11569.0,11556.0,11652.0,10569.0,11602.0,16501.0,14719.0,4245.0,0.0,4323.0,4952.0,7730.0,0.0,8852.0,8404.0,7723.0,0.0,7875.0,9052.0,10355.0,0.0,8944.0,5713.0,12933.0,2035.0,2395.0,40755.0,1162.0,10466.0,424.0,0.0,8698.0,1800.0,86.0,6208.0,1206.0,6121.0,772.0,0.0
2017,TOTAL ANUAL,0.0,0.0,0.0,0.0,0.0,0.0,88168.0,0.0,0.0,0.0,0.0,0.0,0.0,0.0,0.0,0.0,0.0,0.0,0.0,0.0,0.0,0.0,0.0,88168.0,0.0,0.0,0.0,0.0,88168.0,0.0,0.0,0.0,0.0,0.0,0.0,0.0,0.0,0.0,0.0,0.0,0.0,0.0,0.0,0.0,88168.0,0.0,0.0,0.0,0.0,0.0,0.0,0.0,0.0,0.0,0.0,0.0,0.0,0.0,0.0,0.0
2017,TOTAL SINIESTROS DE TRÁNSITO,0.0,0.0,0.0,0.0,0.0,0.0,0.0,0.0,0.0,0.0,0.0,0.0,0.0,0.0,0.0,0.0,0.0,0.0,0.0,0.0,0.0,0.0,0.0,0.0,0.0,0.0,0.0,0.0,0.0,0.0,0.0,0.0,0.0,0.0,0.0,0.0,0.0,0.0,0.0,0.0,0.0,0.0,0.0,0.0,0.0,0.0,0.0,0.0,0.0,0.0,0.0,0.0,0.0,0.0,0.0,0.0,0.0,0.0,0.0,88168.0
2017,TUMBES,0.0,0.0,0.0,45.0,0.0,4.0,88.0,3.0,0.0,14.0,0.0,200.0,2.0,15.0,8.0,29.0,38.0,10.0,4.0,1.0,1.0,63.0,56.0,64.0,71.0,63.0,82.0,63.0,18.0,0.0,4.0,20.0,31.0,0.0,28.0,46.0,35.0,0.0,62.0,61.0,75.0,0.0,49.0,33.0,52.0,22.0,3.0,233.0,1.0,39.0,1.0,0.0,76.0,13.0,1.0,20.0,1.0,0.0,0.0,462.0
2017,UCAYALI,7.0,0.0,0.0,81.0,1.0,2.0,84.0,4.0,4.0,5.0,0.0,138.0,0.0,18.0,10.0,4.0,48.0,39.0,4.0,0.0,1.0,61.0,61.0,52.0,45.0,82.0,93.0,56.0,10.0,0.0,17.0,17.0,40.0,0.0,51.0,37.0,49.0,0.0,58.0,42.0,58.0,0.0,50.0,21.0,33.0,9.0,2.0,244.0,5.0,38.0,6.0,0.0,67.0,8.0,6.0,27.0,5.0,0.0,0.0,450.0
2018,ABRIL,0.0,0.0,0.0,0.0,0.0,0.0,0.0,0.0,0.0,0.0,0.0,0.0,0.0,0.0,0.0,0.0,0.0,0.0,0.0,0.0,0.0,0.0,0.0,0.0,0.0,0.0,0.0,0.0,0.0,0.0,0.0,0.0,0.0,0.0,0.0,0.0,0.0,0.0,0.0,0.0,0.0,0.0,0.0,0.0,0.0,0.0,0.0,0.0,0.0,0.0,0.0,0.0,0.0,0.0,0.0,0.0,0.0,509.0,69.0,0.0
2018,AGOSTO,0.0,0.0,0.0,0.0,0.0,0.0,0.0,0.0,0.0,0.0,0.0,0.0,0.0,0.0,0.0,0.0,0.0,0.0,0.0,0.0,0.0,0.0,0.0,0.0,0.0,0.0,0.0,0.0,0.0,0.0,0.0,0.0,0.0,0.0,0.0,0.0,0.0,0.0,0.0,0.0,0.0,0.0,0.0,0.0,0.0,0.0,0.0,0.0,0.0,0.0,0.0,0.0,0.0,0.0,0.0,0.0,0.0,816.0,95.0,0.0
2018,AMAZONAS,0.0,1.0,0.0,59.0,0.0,2.0,139.0,16.0,0.0,5.0,0.0,79.0,1.0,11.0,0.0,2.0,30.0,9.0,7.0,1.0,0.0,73.0,54.0,39.0,36.0,33.0,60.0,67.0,6.0,0.0,6.0,17.0,36.0,0.0,39.0,24.0,45.0,0.0,26.0,35.0,56.0,0.0,37.0,35.0,42.0,2.0,1.0,144.0,1.0,5.0,1.0,1.0,94.0,23.0,0.0,45.0,3.0,0.0,0.0,362.0
2018,ANCASH,0.0,3.0,3.0,182.0,10.0,5.0,388.0,52.0,15.0,38.0,0.0,669.0,16.0,117.0,39.0,77.0,157.0,208.0,61.0,5.0,16.0,264.0,305.0,250.0,232.0,232.0,405.0,373.0,58.0,0.0,83.0,125.0,160.0,0.0,216.0,210.0,208.0,0.0,192.0,234.0,258.0,0.0,195.0,122.0,370.0,51.0,29.0,841.0,9.0,228.0,4.0,0.0,284.0,59.0,1.0,140.0,45.0,0.0,0.0,2061.0
2018,APURIMAC,0.0,4.0,0.0,143.0,0.0,1.0,196.0,28.0,1.0,8.0,0.0,202.0,2.0,31.0,17.0,37.0,13.0,117.0,16.0,2.0,0.0,124.0,95.0,90.0,92.0,87.0,167.0,163.0,26.0,0.0,36.0,46.0,82.0,0.0,89.0,91.0,68.0,0.0,73.0,80.0,98.0,0.0,72.0,57.0,172.0,8.0,19.0,348.0,8.0,25.0,2.0,3.0,130.0,58.0,1.0,18.0,26.0,0.0,0.0,818.0
2018,AREQUIPA,0.0,15.0,3.0,491.0,13.0,21.0,1142.0,70.0,17.0,111.0,0.0,1895.0,84.0,316.0,146.0,165.0,152.0,331.0,88.0,19.0,22.0,780.0,665.0,651.0,584.0,659.0,923.0,839.0,251.0,0.0,269.0,376.0,507.0,0.0,545.0,436.0,437.0,0.0,524.0,472.0,539.0,0.0,406.0,339.0,919.0,63.0,142.0,2394.0,54.0,316.0,21.0,11.0,523.0,127.0,11.0,439.0,81.0,0.0,0.0,5101.0
2018,AYACUCHO,0.0,8.0,3.0,124.0,1.0,1.0,125.0,18.0,4.0,23.0,0.0,278.0,2.0,48.0,7.0,7.0,5.0,18.0,21.0,3.0,0.0,90.0,81.0,81.0,71.0,64.0,176.0,133.0,53.0,0.0,51.0,77.0,54.0,0.0,53.0,61.0,41.0,0.0,70.0,61.0,75.0,0.0,53.0,47.0,83.0,33.0,15.0,222.0,39.0,128.0,0.0,1.0,84.0,61.0,0.0,10.0,20.0,0.0,0.0,696.0
2018,CAJAMARCA,0.0,18.0,0.0,236.0,1.0,7.0,335.0,56.0,7.0,45.0,0.0,850.0,8.0,150.0,46.0,40.0,86.0,87.0,97.0,6.0,2.0,335.0,325.0,278.0,257.0,262.0,320.0,300.0,70.0,0.0,97.0,113.0,178.0,0.0,190.0,192.0,229.0,0.0,223.0,230.0,251.0,0.0,215.0,89.0,304.0,20.0,36.0,1065.0,7.0,93.0,18.0,5.0,342.0,78.0,0.0,35.0,74.0,0.0,0.0,2077.0
2018,CALLAO,0.0,4.0,0.0,109.0,3.0,0.0,1123.0,8.0,16.0,44.0,0.0,1112.0,21.0,132.0,15.0,77.0,24.0,691.0,19.0,19.0,0.0,447.0,427.0,476.0,433.0,439.0,663.0,532.0,142.0,0.0,92.0,190.0,327.0,0.0,267.0,343.0,286.0,0.0,302.0,393.0,374.0,0.0,398.0,303.0,484.0,77.0,75.0,1809.0,14.0,408.0,3.0,5.0,290.0,12.0,0.0,212.0,28.0,0.0,0.0,49336.0
2018,CUSCO,0.0,19.0,8.0,280.0,33.0,9.0,1364.0,100.0,12.0,78.0,0.0,1027.0,48.0,280.0,62.0,151.0,194.0,195.0,130.0,14.0,6.0,538.0,531.0,548.0,466.0,515.0,727.0,685.0,199.0,0.0,210.0,233.0,370.0,0.0,406.0,391.0,344.0,0.0,361.0,360.0,460.0,0.0,417.0,259.0,1008.0,67.0,146.0,1612.0,53.0,183.0,15.0,5.0,450.0,159.0,8.0,218.0,86.0,0.0,0.0,3417.0
2018,DICIEMBRE,0.0,0.0,0.0,0.0,0.0,0.0,0.0,0.0,0.0,0.0,0.0,0.0,0.0,0.0,0.0,0.0,0.0,0.0,0.0,0.0,0.0,0.0,0.0,0.0,0.0,0.0,0.0,0.0,0.0,0.0,0.0,0.0,0.0,0.0,0.0,0.0,0.0,0.0,0.0,0.0,0.0,0.0,0.0,0.0,0.0,0.0,0.0,0.0,0.0,0.0,0.0,0.0,0.0,0.0,0.0,0.0,0.0,507.0,62.0,0.0
2018,ENERO,0.0,0.0,0.0,0.0,0.0,0.0,0.0,0.0,0.0,0.0,0.0,0.0,0.0,0.0,0.0,0.0,0.0,0.0,0.0,0.0,0.0,0.0,0.0,0.0,0.0,0.0,0.0,0.0,0.0,0.0,0.0,0.0,0.0,0.0,0.0,0.0,0.0,0.0,0.0,0.0,0.0,0.0,0.0,0.0,0.0,0.0,0.0,0.0,0.0,0.0,0.0,0.0,0.0,0.0,0.0,0.0,0.0,493.0,108.0,0.0
2018,FEBRERO,0.0,0.0,0.0,0.0,0.0,0.0,0.0,0.0,0.0,0.0,0.0,0.0,0.0,0.0,0.0,0.0,0.0,0.0,0.0,0.0,0.0,0.0,0.0,0.0,0.0,0.0,0.0,0.0,0.0,0.0,0.0,0.0,0.0,0.0,0.0,0.0,0.0,0.0,0.0,0.0,0.0,0.0,0.0,0.0,0.0,0.0,0.0,0.0,0.0,0.0,0.0,0.0,0.0,0.0,0.0,0.0,0.0,595.0,89.0,0.0
2018,HUANCAVELICA,0.0,0.0,0.0,17.0,0.0,2.0,51.0,24.0,0.0,10.0,0.0,40.0,0.0,25.0,0.0,6.0,11.0,65.0,5.0,1.0,0.0,33.0,38.0,25.0,27.0,36.0,52.0,46.0,10.0,0.0,16.0,23.0,36.0,0.0,13.0,25.0,23.0,0.0,22.0,33.0,10.0,0.0,15.0,31.0,29.0,11.0,2.0,69.0,16.0,12.0,1.0,1.0,40.0,41.0,0.0,18.0,17.0,0.0,0.0,4010.0
2018,HUÁNUCO,0.0,4.0,0.0,52.0,2.0,5.0,333.0,18.0,10.0,34.0,0.0,193.0,10.0,76.0,9.0,3.0,9.0,30.0,16.0,1.0,4.0,80.0,98.0,78.0,94.0,116.0,207.0,136.0,27.0,0.0,81.0,59.0,60.0,0.0,45.0,73.0,107.0,0.0,97.0,108.0,64.0,0.0,54.0,34.0,168.0,15.0,14.0,374.0,25.0,19.0,1.0,0.0,102.0,39.0,1.0,38.0,13.0,0.0,0.0,257.0
2018,ICA,0.0,5.0,0.0,122.0,4.0,1.0,310.0,4.0,4.0,27.0,0.0,412.0,4.0,42.0,17.0,104.0,127.0,85.0,16.0,14.0,5.0,200.0,171.0,142.0,145.0,151.0,277.0,217.0,57.0,0.0,64.0,72.0,75.0,0.0,103.0,132.0,131.0,0.0,148.0,135.0,148.0,0.0,140.0,98.0,161.0,45.0,5.0,624.0,43.0,126.0,11.0,0.0,169.0,19.0,1.0,82.0,17.0,0.0,0.0,809.0
2018,JULIO,0.0,0.0,0.0,0.0,0.0,0.0,0.0,0.0,0.0,0.0,0.0,0.0,0.0,0.0,0.0,0.0,0.0,0.0,0.0,0.0,0.0,0.0,0.0,0.0,0.0,0.0,0.0,0.0,0.0,0.0,0.0,0.0,0.0,0.0,0.0,0.0,0.0,0.0,0.0,0.0,0.0,0.0,0.0,0.0,0.0,0.0,0.0,0.0,0.0,0.0,0.0,0.0,0.0,0.0,0.0,0.0,0.0,555.0,47.0,0.0
2018,JUNIN,0.0,6.0,0.0,141.0,8.0,5.0,821.0,63.0,2.0,34.0,0.0,627.0,54.0,237.0,13.0,141.0,88.0,114.0,60.0,12.0,3.0,339.0,312.0,290.0,333.0,318.0,423.0,414.0,108.0,0.0,69.0,94.0,201.0,0.0,290.0,233.0,277.0,0.0,198.0,223.0,322.0,0.0,253.0,161.0,568.0,80.0,75.0,953.0,15.0,125.0,13.0,1.0,344.0,71.0,3.0,153.0,28.0,0.0,0.0,1303.0
2018,JUNIO,0.0,0.0,0.0,0.0,0.0,0.0,0.0,0.0,0.0,0.0,0.0,0.0,0.0,0.0,0.0,0.0,0.0,0.0,0.0,0.0,0.0,0.0,0.0,0.0,0.0,0.0,0.0,0.0,0.0,0.0,0.0,0.0,0.0,0.0,0.0,0.0,0.0,0.0,0.0,0.0,0.0,0.0,0.0,0.0,0.0,0.0,0.0,0.0,0.0,0.0,0.0,0.0,0.0,0.0,0.0,0.0,0.0,468.0,41.0,0.0
2018,LA LIBERTAD,0.0,8.0,6.0,351.0,28.0,12.0,1779.0,13.0,29.0,91.0,0.0,1498.0,83.0,362.0,180.0,181.0,314.0,417.0,254.0,21.0,19.0,819.0,628.0,887.0,642.0,717.0,1102.0,851.0,300.0,0.0,203.0,258.0,357.0,0.0,504.0,491.0,579.0,0.0,531.0,614.0,811.0,0.0,532.0,466.0,851.0,108.0,144.0,2217.0,173.0,576.0,30.0,8.0,1063.0,110.0,3.0,328.0,35.0,0.0,0.0,2429.0
2018,LAMBAYEQUE,0.0,2.0,1.0,223.0,18.0,7.0,1213.0,7.0,5.0,53.0,0.0,953.0,8.0,210.0,42.0,51.0,113.0,178.0,76.0,4.0,12.0,522.0,384.0,456.0,400.0,377.0,528.0,509.0,133.0,0.0,192.0,162.0,216.0,0.0,280.0,298.0,265.0,0.0,285.0,302.0,412.0,0.0,343.0,288.0,514.0,58.0,52.0,1510.0,61.0,356.0,0.0,1.0,389.0,28.0,5.0,181.0,21.0,0.0,0.0,5646.0
2018,LIMA,0.0,873.0,192.0,3049.0,587.0,282.0,13310.0,240.0,235.0,1081.0,0.0,13305.0,686.0,3033.0,1441.0,2791.0,3956.0,2953.0,678.0,324.0,320.0,6225.0,6384.0,7072.0,6026.0,6637.0,8937.0,8055.0,2315.0,0.0,1771.0,2261.0,4417.0,0.0,5147.0,4503.0,4446.0,0.0,4689.0,5281.0,5618.0,0.0,5374.0,3514.0,7252.0,1258.0,1475.0,21197.0,867.0,6563.0,86.0,158.0,4097.0,431.0,66.0,5243.0,643.0,0.0,0.0,3176.0
2018,LORETO,0.0,0.0,0.0,65.0,1.0,0.0,87.0,5.0,1.0,0.0,0.0,96.0,0.0,2.0,0.0,0.0,0.0,18.0,4.0,0.0,0.0,73.0,23.0,38.0,29.0,27.0,52.0,37.0,20.0,0.0,17.0,8.0,57.0,0.0,25.0,22.0,32.0,0.0,22.0,23.0,29.0,0.0,10.0,14.0,22.0,4.0,5.0,180.0,7.0,8.0,1.0,0.0,48.0,2.0,0.0,1.0,1.0,0.0,0.0,279.0
2018,MADRE DE DIOS,0.0,0.0,0.0,40.0,0.0,1.0,183.0,10.0,8.0,10.0,0.0,96.0,3.0,14.0,10.0,1.0,28.0,9.0,2.0,11.0,8.0,61.0,41.0,54.0,36.0,51.0,116.0,75.0,23.0,0.0,30.0,43.0,33.0,0.0,40.0,15.0,39.0,0.0,21.0,55.0,53.0,0.0,42.0,40.0,30.0,3.0,3.0,260.0,14.0,9.0,0.0,0.0,103.0,6.0,0.0,6.0,0.0,0.0,0.0,434.0
2018,MARZO,0.0,0.0,0.0,0.0,0.0,0.0,0.0,0.0,0.0,0.0,0.0,0.0,0.0,0.0,0.0,0.0,0.0,0.0,0.0,0.0,0.0,0.0,0.0,0.0,0.0,0.0,0.0,0.0,0.0,0.0,0.0,0.0,0.0,0.0,0.0,0.0,0.0,0.0,0.0,0.0,0.0,0.0,0.0,0.0,0.0,0.0,0.0,0.0,0.0,0.0,0.0,0.0,0.0,0.0,0.0,0.0,0.0,771.0,77.0,0.0
2018,MAYO,0.0,0.0,0.0,0.0,0.0,0.0,0.0,0.0,0.0,0.0,0.0,0.0,0.0,0.0,0.0,0.0,0.0,0.0,0.0,0.0,0.0,0.0,0.0,0.0,0.0,0.0,0.0,0.0,0.0,0.0,0.0,0.0,0.0,0.0,0.0,0.0,0.0,0.0,0.0,0.0,0.0,0.0,0.0,0.0,0.0,0.0,0.0,0.0,0.0,0.0,0.0,0.0,0.0,0.0,0.0,0.0,0.0,688.0,66.0,0.0
2018,MOQUEGUA,0.0,19.0,0.0,28.0,1.0,0.0,74.0,12.0,0.0,15.0,0.0,191.0,0.0,10.0,18.0,17.0,33.0,85.0,6.0,0.0,0.0,89.0,63.0,73.0,72.0,75.0,70.0,67.0,26.0,0.0,36.0,41.0,56.0,0.0,49.0,45.0,61.0,0.0,44.0,43.0,46.0,0.0,39.0,23.0,71.0,7.0,1.0,222.0,3.0,10.0,6.0,0.0,81.0,52.0,2.0,40.0,14.0,0.0,0.0,509.0
2018,NOVIEMBRE,0.0,0.0,0.0,0.0,0.0,0.0,0.0,0.0,0.0,0.0,0.0,0.0,0.0,0.0,0.0,0.0,0.0,0.0,0.0,0.0,0.0,0.0,0.0,0.0,0.0,0.0,0.0,0.0,0.0,0.0,0.0,0.0,0.0,0.0,0.0,0.0,0.0,0.0,0.0,0.0,0.0,0.0,0.0,0.0,0.0,0.0,0.0,0.0,0.0,0.0,0.0,0.0,0.0,0.0,0.0,0.0,0.0,523.0,78.0,0.0
2018,OCTUBRE,0.0,0.0,0.0,0.0,0.0,0.0,0.0,0.0,0.0,0.0,0.0,0.0,0.0,0.0,0.0,0.0,0.0,0.0,0.0,0.0,0.0,0.0,0.0,0.0,0.0,0.0,0.0,0.0,0.0,0.0,0.0,0.0,0.0,0.0,0.0,0.0,0.0,0.0,0.0,0.0,0.0,0.0,0.0,0.0,0.0,0.0,0.0,0.0,0.0,0.0,0.0,0.0,0.0,0.0,0.0,0.0,0.0,568.0,75.0,0.0
2018,PASCO,0.0,0.0,1.0,17.0,0.0,1.0,93.0,10.0,2.0,4.0,0.0,67.0,1.0,4.0,4.0,1.0,15.0,26.0,9.0,2.0,1.0,44.0,35.0,21.0,33.0,37.0,44.0,44.0,6.0,0.0,10.0,36.0,21.0,0.0,24.0,16.0,28.0,0.0,38.0,26.0,20.0,0.0,23.0,10.0,17.0,5.0,0.0,114.0,1.0,5.0,1.0,2.0,76.0,14.0,0.0,9.0,14.0,0.0,0.0,258.0
2018,PIURA,0.0,4.0,4.0,275.0,6.0,12.0,966.0,4.0,20.0,62.0,0.0,644.0,21.0,83.0,42.0,37.0,60.0,189.0,61.0,13.0,9.0,430.0,335.0,327.0,281.0,288.0,476.0,375.0,81.0,0.0,111.0,173.0,268.0,0.0,162.0,182.0,242.0,0.0,266.0,251.0,316.0,0.0,273.0,187.0,245.0,64.0,22.0,1081.0,65.0,278.0,5.0,0.0,360.0,77.0,3.0,286.0,26.0,0.0,0.0,2512.0
2018,PUNO,0.0,1.0,0.0,307.0,1.0,0.0,280.0,5.0,0.0,13.0,0.0,261.0,0.0,36.0,4.0,11.0,13.0,59.0,5.0,3.0,0.0,141.0,148.0,103.0,107.0,149.0,179.0,172.0,19.0,0.0,32.0,42.0,120.0,0.0,70.0,75.0,80.0,0.0,81.0,115.0,165.0,0.0,111.0,89.0,136.0,38.0,6.0,541.0,7.0,34.0,3.0,5.0,107.0,65.0,1.0,35.0,21.0,0.0,0.0,999.0
2018,SAN MARTÍN,0.0,1.0,0.0,91.0,0.0,2.0,300.0,41.0,4.0,24.0,0.0,591.0,1.0,37.0,4.0,14.0,9.0,183.0,41.0,0.0,0.0,246.0,144.0,240.0,165.0,177.0,183.0,188.0,44.0,0.0,24.0,53.0,122.0,0.0,154.0,141.0,117.0,0.0,113.0,154.0,182.0,0.0,135.0,104.0,151.0,27.0,7.0,558.0,3.0,85.0,0.0,0.0,421.0,5.0,0.0,64.0,22.0,0.0,0.0,1343.0
2018,SETIEMBRE,0.0,0.0,0.0,0.0,0.0,0.0,0.0,0.0,0.0,0.0,0.0,0.0,0.0,0.0,0.0,0.0,0.0,0.0,0.0,0.0,0.0,0.0,0.0,0.0,0.0,0.0,0.0,0.0,0.0,0.0,0.0,0.0,0.0,0.0,0.0,0.0,0.0,0.0,0.0,0.0,0.0,0.0,0.0,0.0,0.0,0.0,0.0,0.0,0.0,0.0,0.0,0.0,0.0,0.0,0.0,0.0,0.0,551.0,85.0,0.0
2018,TACNA,0.0,2.0,0.0,95.0,3.0,4.0,157.0,4.0,2.0,21.0,0.0,339.0,1.0,54.0,18.0,43.0,33.0,198.0,5.0,2.0,2.0,130.0,134.0,141.0,114.0,135.0,179.0,150.0,32.0,0.0,41.0,47.0,99.0,0.0,101.0,82.0,78.0,0.0,93.0,120.0,107.0,0.0,131.0,52.0,170.0,18.0,21.0,586.0,2.0,51.0,1.0,0.0,94.0,23.0,0.0,10.0,7.0,0.0,0.0,983.0
2018,TOTAL,0.0,997.0,221.0,6602.0,723.0,386.0,25048.0,811.0,405.0,1929.0,0.0,25858.0,1054.0,5351.0,2152.0,4003.0,5514.0,6402.0,1690.0,478.0,432.0,12276.0,11565.0,12523.0,10808.0,11724.0,16503.0,14657.0,4039.0,0.0,3562.0,4582.0,7951.0,0.0,8911.0,8202.0,8272.0,0.0,8532.0,9514.0,10571.0,0.0,9438.0,6482.0,13868.0,2105.0,2297.0,39486.0,1500.0,9792.0,224.0,207.0,9915.0,1580.0,107.0,7722.0,1253.0,7044.0,892.0,0.0
2018,TOTAL ANUAL,0.0,0.0,0.0,0.0,0.0,0.0,90056.0,0.0,0.0,0.0,0.0,0.0,0.0,0.0,0.0,0.0,0.0,0.0,0.0,0.0,0.0,0.0,0.0,90056.0,0.0,0.0,0.0,0.0,90056.0,0.0,0.0,0.0,0.0,0.0,0.0,0.0,0.0,0.0,0.0,0.0,0.0,0.0,0.0,0.0,90056.0,0.0,0.0,0.0,0.0,0.0,0.0,0.0,0.0,0.0,0.0,0.0,0.0,0.0,0.0,0.0
2018,TOTAL SINIESTROS DE TRÁNSITO,0.0,0.0,0.0,0.0,0.0,0.0,0.0,0.0,0.0,0.0,0.0,0.0,0.0,0.0,0.0,0.0,0.0,0.0,0.0,0.0,0.0,0.0,0.0,0.0,0.0,0.0,0.0,0.0,0.0,0.0,0.0,0.0,0.0,0.0,0.0,0.0,0.0,0.0,0.0,0.0,0.0,0.0,0.0,0.0,0.0,0.0,0.0,0.0,0.0,0.0,0.0,0.0,0.0,0.0,0.0,0.0,0.0,0.0,0.0,90056.0
2018,TUMBES,0.0,0.0,0.0,54.0,3.0,0.0,82.0,2.0,2.0,12.0,0.0,188.0,0.0,13.0,18.0,37.0,36.0,44.0,9.0,0.0,3.0,88.0,63.0,78.0,55.0,61.0,80.0,78.0,17.0,0.0,7.0,14.0,42.0,0.0,47.0,50.0,40.0,0.0,34.0,79.0,62.0,0.0,69.0,42.0,51.0,24.0,2.0,254.0,7.0,51.0,1.0,0.0,79.0,15.0,1.0,8.0,10.0,0.0,0.0,503.0
2018,UCAYALI,0.0,0.0,0.0,51.0,0.0,6.0,197.0,1.0,9.0,86.0,0.0,245.0,0.0,28.0,0.0,9.0,8.0,93.0,4.0,1.0,0.0,105.0,81.0,85.0,78.0,81.0,157.0,151.0,16.0,0.0,14.0,19.0,57.0,0.0,52.0,71.0,69.0,0.0,79.0,87.0,95.0,0.0,101.0,78.0,50.0,19.0,0.0,311.0,6.0,98.0,0.0,0.0,145.0,5.0,0.0,103.0,1.0,0.0,0.0,738.0
2019,ABRIL,0.0,0.0,0.0,0.0,0.0,0.0,0.0,0.0,0.0,0.0,0.0,0.0,0.0,0.0,0.0,0.0,0.0,0.0,0.0,0.0,0.0,0.0,0.0,0.0,0.0,0.0,0.0,0.0,0.0,0.0,0.0,0.0,0.0,0.0,0.0,0.0,0.0,0.0,0.0,0.0,0.0,0.0,0.0,0.0,0.0,0.0,0.0,0.0,0.0,0.0,0.0,0.0,0.0,0.0,0.0,0.0,0.0,623.0,46.0,0.0
2019,AGOSTO,0.0,0.0,0.0,0.0,0.0,0.0,0.0,0.0,0.0,0.0,0.0,0.0,0.0,0.0,0.0,0.0,0.0,0.0,0.0,0.0,0.0,0.0,0.0,0.0,0.0,0.0,0.0,0.0,0.0,0.0,0.0,0.0,0.0,0.0,0.0,0.0,0.0,0.0,0.0,0.0,0.0,0.0,0.0,0.0,0.0,0.0,0.0,0.0,0.0,0.0,0.0,0.0,0.0,0.0,0.0,0.0,0.0,644.0,43.0,0.0
2019,AMAZONAS,0.0,0.0,0.0,68.0,6.0,0.0,159.0,15.0,0.0,7.0,0.0,135.0,2.0,27.0,3.0,18.0,27.0,21.0,11.0,0.0,2.0,88.0,77.0,67.0,46.0,72.0,73.0,78.0,18.0,0.0,13.0,27.0,43.0,0.0,56.0,57.0,50.0,0.0,57.0,59.0,51.0,0.0,44.0,26.0,73.0,10.0,6.0,223.0,2.0,24.0,2.0,2.0,112.0,21.0,0.0,14.0,12.0,0.0,0.0,501.0
2019,ANCASH,0.0,2.0,7.0,295.0,2.0,0.0,379.0,17.0,6.0,13.0,0.0,517.0,22.0,44.0,15.0,70.0,159.0,761.0,14.0,1.0,5.0,438.0,257.0,245.0,231.0,295.0,480.0,383.0,136.0,0.0,95.0,195.0,201.0,0.0,205.0,207.0,209.0,0.0,232.0,194.0,240.0,0.0,226.0,189.0,310.0,36.0,33.0,966.0,23.0,173.0,1.0,0.0,211.0,42.0,3.0,504.0,27.0,0.0,0.0,2329.0
2019,APURIMAC,0.0,0.0,0.0,73.0,5.0,7.0,217.0,37.0,3.0,13.0,0.0,201.0,1.0,41.0,10.0,45.0,26.0,107.0,17.0,3.0,2.0,123.0,125.0,107.0,81.0,97.0,132.0,143.0,29.0,0.0,22.0,60.0,75.0,0.0,71.0,74.0,78.0,0.0,86.0,98.0,77.0,0.0,83.0,55.0,167.0,21.0,12.0,292.0,6.0,25.0,8.0,1.0,164.0,61.0,0.0,16.0,35.0,0.0,0.0,808.0
2019,AREQUIPA,0.0,36.0,8.0,435.0,18.0,21.0,1335.0,107.0,11.0,98.0,0.0,1836.0,95.0,303.0,135.0,138.0,113.0,319.0,88.0,29.0,17.0,713.0,717.0,663.0,687.0,665.0,907.0,790.0,172.0,0.0,233.0,270.0,465.0,0.0,627.0,544.0,492.0,0.0,508.0,514.0,522.0,0.0,460.0,335.0,791.0,103.0,161.0,2582.0,30.0,377.0,12.0,8.0,465.0,124.0,5.0,401.0,83.0,0.0,0.0,5142.0
2019,AYACUCHO,0.0,0.0,0.0,76.0,0.0,5.0,117.0,37.0,5.0,42.0,0.0,275.0,21.0,50.0,4.0,4.0,3.0,20.0,35.0,7.0,0.0,98.0,100.0,80.0,87.0,86.0,131.0,119.0,40.0,0.0,48.0,56.0,62.0,0.0,69.0,61.0,60.0,0.0,71.0,67.0,65.0,0.0,43.0,59.0,79.0,39.0,22.0,200.0,23.0,137.0,3.0,0.0,108.0,41.0,0.0,24.0,25.0,0.0,0.0,701.0
2019,CAJAMARCA,0.0,19.0,3.0,301.0,2.0,7.0,451.0,34.0,9.0,42.0,0.0,646.0,21.0,133.0,22.0,57.0,226.0,79.0,26.0,3.0,6.0,298.0,239.0,297.0,225.0,227.0,373.0,428.0,57.0,0.0,83.0,162.0,180.0,0.0,162.0,204.0,204.0,0.0,276.0,221.0,222.0,0.0,221.0,95.0,322.0,43.0,17.0,1075.0,10.0,64.0,16.0,1.0,339.0,57.0,0.0,72.0,71.0,0.0,0.0,2087.0
2019,CALLAO,0.0,7.0,0.0,76.0,10.0,1.0,1025.0,7.0,27.0,46.0,0.0,912.0,46.0,190.0,18.0,78.0,99.0,514.0,27.0,46.0,4.0,359.0,433.0,406.0,414.0,435.0,551.0,535.0,127.0,0.0,151.0,186.0,248.0,0.0,284.0,323.0,308.0,0.0,273.0,263.0,384.0,0.0,372.0,214.0,502.0,98.0,55.0,1536.0,20.0,342.0,1.0,5.0,265.0,12.0,3.0,264.0,30.0,0.0,0.0,3133.0
2019,CUSCO,0.0,28.0,0.0,317.0,16.0,9.0,1040.0,132.0,13.0,34.0,0.0,1147.0,23.0,265.0,33.0,100.0,294.0,517.0,73.0,8.0,1.0,540.0,537.0,518.0,500.0,502.0,732.0,721.0,151.0,0.0,148.0,203.0,327.0,0.0,423.0,371.0,363.0,0.0,433.0,490.0,499.0,0.0,384.0,258.0,982.0,99.0,133.0,1752.0,33.0,188.0,23.0,3.0,404.0,154.0,1.0,194.0,84.0,0.0,0.0,4050.0
2019,DICIEMBRE,0.0,0.0,0.0,0.0,0.0,0.0,0.0,0.0,0.0,0.0,0.0,0.0,0.0,0.0,0.0,0.0,0.0,0.0,0.0,0.0,0.0,0.0,0.0,0.0,0.0,0.0,0.0,0.0,0.0,0.0,0.0,0.0,0.0,0.0,0.0,0.0,0.0,0.0,0.0,0.0,0.0,0.0,0.0,0.0,0.0,0.0,0.0,0.0,0.0,0.0,0.0,0.0,0.0,0.0,0.0,0.0,0.0,882.0,70.0,0.0
2019,ENERO,0.0,0.0,0.0,0.0,0.0,0.0,0.0,0.0,0.0,0.0,0.0,0.0,0.0,0.0,0.0,0.0,0.0,0.0,0.0,0.0,0.0,0.0,0.0,0.0,0.0,0.0,0.0,0.0,0.0,0.0,0.0,0.0,0.0,0.0,0.0,0.0,0.0,0.0,0.0,0.0,0.0,0.0,0.0,0.0,0.0,0.0,0.0,0.0,0.0,0.0,0.0,0.0,0.0,0.0,0.0,0.0,0.0,726.0,77.0,0.0
2019,FEBRERO,0.0,0.0,0.0,0.0,0.0,0.0,0.0,0.0,0.0,0.0,0.0,0.0,0.0,0.0,0.0,0.0,0.0,0.0,0.0,0.0,0.0,0.0,0.0,0.0,0.0,0.0,0.0,0.0,0.0,0.0,0.0,0.0,0.0,0.0,0.0,0.0,0.0,0.0,0.0,0.0,0.0,0.0,0.0,0.0,0.0,0.0,0.0,0.0,0.0,0.0,0.0,0.0,0.0,0.0,0.0,0.0,0.0,669.0,82.0,0.0
2019,HUANCAVELICA,0.0,0.0,0.0,23.0,0.0,0.0,86.0,4.0,0.0,7.0,0.0,53.0,4.0,15.0,0.0,5.0,1.0,90.0,3.0,3.0,0.0,40.0,55.0,28.0,43.0,37.0,42.0,49.0,12.0,0.0,32.0,41.0,33.0,0.0,26.0,19.0,19.0,0.0,17.0,31.0,25.0,0.0,20.0,19.0,40.0,4.0,3.0,78.0,12.0,6.0,1.0,1.0,71.0,46.0,0.0,21.0,11.0,0.0,0.0,294.0
2019,HUÁNUCO,0.0,1.0,0.0,65.0,1.0,11.0,365.0,38.0,22.0,18.0,0.0,298.0,11.0,22.0,7.0,60.0,54.0,68.0,19.0,1.0,1.0,170.0,157.0,96.0,141.0,78.0,257.0,163.0,49.0,0.0,63.0,63.0,119.0,0.0,89.0,151.0,72.0,0.0,112.0,126.0,87.0,0.0,68.0,63.0,193.0,15.0,12.0,497.0,8.0,73.0,5.0,1.0,183.0,23.0,0.0,27.0,25.0,0.0,0.0,1062.0
2019,ICA,0.0,9.0,0.0,220.0,10.0,5.0,407.0,4.0,10.0,19.0,0.0,506.0,12.0,43.0,13.0,118.0,66.0,252.0,15.0,6.0,19.0,285.0,181.0,205.0,170.0,208.0,408.0,277.0,90.0,0.0,90.0,92.0,138.0,0.0,119.0,136.0,161.0,0.0,120.0,180.0,253.0,0.0,200.0,155.0,170.0,33.0,10.0,994.0,37.0,160.0,6.0,3.0,200.0,28.0,4.0,71.0,18.0,0.0,0.0,1734.0
2019,JULIO,0.0,0.0,0.0,0.0,0.0,0.0,0.0,0.0,0.0,0.0,0.0,0.0,0.0,0.0,0.0,0.0,0.0,0.0,0.0,0.0,0.0,0.0,0.0,0.0,0.0,0.0,0.0,0.0,0.0,0.0,0.0,0.0,0.0,0.0,0.0,0.0,0.0,0.0,0.0,0.0,0.0,0.0,0.0,0.0,0.0,0.0,0.0,0.0,0.0,0.0,0.0,0.0,0.0,0.0,0.0,0.0,0.0,614.0,63.0,0.0
2019,JUNIN,0.0,0.0,1.0,179.0,1.0,1.0,775.0,36.0,15.0,54.0,0.0,847.0,36.0,213.0,9.0,77.0,327.0,541.0,38.0,13.0,5.0,426.0,393.0,423.0,383.0,408.0,541.0,594.0,80.0,0.0,109.0,133.0,283.0,0.0,366.0,289.0,348.0,0.0,326.0,371.0,403.0,0.0,304.0,156.0,660.0,101.0,69.0,1366.0,26.0,166.0,5.0,10.0,485.0,59.0,0.0,133.0,88.0,0.0,0.0,3168.0
2019,JUNIO,0.0,0.0,0.0,0.0,0.0,0.0,0.0,0.0,0.0,0.0,0.0,0.0,0.0,0.0,0.0,0.0,0.0,0.0,0.0,0.0,0.0,0.0,0.0,0.0,0.0,0.0,0.0,0.0,0.0,0.0,0.0,0.0,0.0,0.0,0.0,0.0,0.0,0.0,0.0,0.0,0.0,0.0,0.0,0.0,0.0,0.0,0.0,0.0,0.0,0.0,0.0,0.0,0.0,0.0,0.0,0.0,0.0,544.0,66.0,0.0
2019,LA LIBERTAD,0.0,2.0,5.0,286.0,6.0,18.0,2330.0,62.0,3.0,87.0,0.0,2007.0,56.0,325.0,180.0,129.0,356.0,223.0,186.0,15.0,21.0,1009.0,743.0,840.0,747.0,739.0,1190.0,1029.0,364.0,0.0,316.0,238.0,468.0,0.0,518.0,559.0,638.0,0.0,568.0,714.0,727.0,0.0,672.0,515.0,848.0,128.0,249.0,2323.0,181.0,602.0,184.0,27.0,1164.0,155.0,10.0,302.0,124.0,0.0,0.0,6297.0
2019,LAMBAYEQUE,0.0,37.0,8.0,183.0,0.0,3.0,1617.0,4.0,7.0,26.0,0.0,1256.0,15.0,66.0,48.0,196.0,60.0,202.0,64.0,6.0,32.0,601.0,486.0,539.0,487.0,489.0,645.0,583.0,199.0,0.0,187.0,254.0,254.0,0.0,386.0,236.0,368.0,0.0,288.0,328.0,502.0,0.0,451.0,377.0,605.0,87.0,50.0,1659.0,37.0,429.0,6.0,1.0,475.0,28.0,6.0,420.0,27.0,0.0,0.0,3830.0
2019,LIMA,0.0,685.0,193.0,2870.0,373.0,185.0,13121.0,264.0,222.0,899.0,0.0,14610.0,823.0,2453.0,1325.0,2959.0,2814.0,4628.0,718.0,338.0,352.0,6201.0,6687.0,6965.0,6152.0,6555.0,8571.0,8701.0,2283.0,0.0,1712.0,2148.0,4178.0,0.0,5379.0,4497.0,4407.0,0.0,4607.0,5242.0,5888.0,0.0,5489.0,4002.0,7135.0,1481.0,1592.0,20192.0,875.0,6650.0,88.0,248.0,4560.0,475.0,70.0,5660.0,806.0,0.0,0.0,49832.0
2019,LORETO,0.0,0.0,0.0,119.0,0.0,0.0,72.0,0.0,1.0,0.0,0.0,116.0,0.0,16.0,0.0,0.0,0.0,4.0,7.0,0.0,0.0,44.0,41.0,58.0,39.0,30.0,69.0,54.0,2.0,0.0,5.0,25.0,37.0,0.0,34.0,33.0,29.0,0.0,33.0,28.0,42.0,0.0,38.0,29.0,61.0,3.0,1.0,187.0,6.0,17.0,0.0,0.0,51.0,0.0,2.0,4.0,3.0,0.0,0.0,335.0
2019,MADRE DE DIOS,0.0,0.0,0.0,57.0,0.0,1.0,141.0,9.0,2.0,4.0,0.0,265.0,0.0,17.0,2.0,0.0,1.0,8.0,3.0,1.0,0.0,75.0,55.0,72.0,27.0,37.0,121.0,124.0,10.0,0.0,21.0,38.0,47.0,0.0,32.0,16.0,78.0,0.0,37.0,70.0,79.0,0.0,59.0,24.0,63.0,9.0,77.0,270.0,10.0,5.0,2.0,0.0,62.0,7.0,0.0,4.0,2.0,0.0,0.0,511.0
2019,MARZO,0.0,0.0,0.0,0.0,0.0,0.0,0.0,0.0,0.0,0.0,0.0,0.0,0.0,0.0,0.0,0.0,0.0,0.0,0.0,0.0,0.0,0.0,0.0,0.0,0.0,0.0,0.0,0.0,0.0,0.0,0.0,0.0,0.0,0.0,0.0,0.0,0.0,0.0,0.0,0.0,0.0,0.0,0.0,0.0,0.0,0.0,0.0,0.0,0.0,0.0,0.0,0.0,0.0,0.0,0.0,0.0,0.0,596.0,61.0,0.0
2019,MAYO,0.0,0.0,0.0,0.0,0.0,0.0,0.0,0.0,0.0,0.0,0.0,0.0,0.0,0.0,0.0,0.0,0.0,0.0,0.0,0.0,0.0,0.0,0.0,0.0,0.0,0.0,0.0,0.0,0.0,0.0,0.0,0.0,0.0,0.0,0.0,0.0,0.0,0.0,0.0,0.0,0.0,0.0,0.0,0.0,0.0,0.0,0.0,0.0,0.0,0.0,0.0,0.0,0.0,0.0,0.0,0.0,0.0,530.0,60.0,0.0
2019,MOQUEGUA,0.0,1.0,0.0,29.0,0.0,0.0,91.0,6.0,0.0,8.0,0.0,210.0,1.0,35.0,8.0,13.0,30.0,90.0,9.0,2.0,1.0,71.0,84.0,65.0,72.0,86.0,69.0,87.0,14.0,0.0,14.0,57.0,56.0,0.0,49.0,50.0,56.0,0.0,53.0,57.0,69.0,0.0,41.0,18.0,64.0,13.0,6.0,250.0,2.0,17.0,5.0,0.0,79.0,26.0,0.0,51.0,21.0,0.0,0.0,534.0
2019,NOVIEMBRE,0.0,0.0,0.0,0.0,0.0,0.0,0.0,0.0,0.0,0.0,0.0,0.0,0.0,0.0,0.0,0.0,0.0,0.0,0.0,0.0,0.0,0.0,0.0,0.0,0.0,0.0,0.0,0.0,0.0,0.0,0.0,0.0,0.0,0.0,0.0,0.0,0.0,0.0,0.0,0.0,0.0,0.0,0.0,0.0,0.0,0.0,0.0,0.0,0.0,0.0,0.0,0.0,0.0,0.0,0.0,0.0,0.0,618.0,55.0,0.0
2019,OCTUBRE,0.0,0.0,0.0,0.0,0.0,0.0,0.0,0.0,0.0,0.0,0.0,0.0,0.0,0.0,0.0,0.0,0.0,0.0,0.0,0.0,0.0,0.0,0.0,0.0,0.0,0.0,0.0,0.0,0.0,0.0,0.0,0.0,0.0,0.0,0.0,0.0,0.0,0.0,0.0,0.0,0.0,0.0,0.0,0.0,0.0,0.0,0.0,0.0,0.0,0.0,0.0,0.0,0.0,0.0,0.0,0.0,0.0,638.0,65.0,0.0
2019,PASCO,0.0,0.0,0.0,39.0,2.0,7.0,226.0,16.0,2.0,18.0,0.0,129.0,0.0,6.0,6.0,12.0,18.0,51.0,13.0,6.0,1.0,69.0,79.0,53.0,71.0,98.0,90.0,92.0,21.0,0.0,24.0,54.0,46.0,0.0,56.0,58.0,54.0,0.0,50.0,72.0,56.0,0.0,36.0,25.0,36.0,9.0,3.0,284.0,8.0,23.0,4.0,1.0,101.0,22.0,0.0,45.0,16.0,0.0,0.0,552.0
2019,PIURA,0.0,32.0,7.0,328.0,18.0,26.0,1237.0,24.0,34.0,85.0,0.0,863.0,57.0,214.0,53.0,158.0,445.0,253.0,150.0,32.0,50.0,686.0,371.0,690.0,447.0,494.0,771.0,607.0,188.0,0.0,121.0,223.0,287.0,0.0,410.0,436.0,404.0,0.0,414.0,440.0,455.0,0.0,369.0,319.0,392.0,115.0,40.0,1602.0,161.0,611.0,17.0,5.0,699.0,58.0,4.0,331.0,31.0,0.0,0.0,4066.0
2019,PUNO,0.0,2.0,0.0,310.0,4.0,15.0,289.0,12.0,8.0,15.0,0.0,297.0,22.0,59.0,7.0,14.0,24.0,87.0,8.0,6.0,0.0,152.0,163.0,109.0,160.0,164.0,181.0,250.0,17.0,0.0,32.0,88.0,128.0,0.0,91.0,121.0,95.0,0.0,88.0,150.0,160.0,0.0,131.0,78.0,186.0,60.0,6.0,571.0,43.0,26.0,4.0,3.0,131.0,80.0,1.0,46.0,22.0,0.0,0.0,1179.0
2019,SAN MARTÍN,0.0,0.0,0.0,85.0,0.0,0.0,212.0,42.0,2.0,17.0,0.0,527.0,2.0,26.0,0.0,5.0,47.0,269.0,23.0,2.0,1.0,204.0,161.0,198.0,170.0,185.0,161.0,181.0,43.0,0.0,37.0,49.0,88.0,0.0,162.0,163.0,124.0,0.0,94.0,116.0,156.0,0.0,122.0,106.0,135.0,31.0,4.0,541.0,14.0,79.0,2.0,0.0,391.0,1.0,2.0,31.0,29.0,0.0,0.0,1260.0
2019,SETIEMBRE,0.0,0.0,0.0,0.0,0.0,0.0,0.0,0.0,0.0,0.0,0.0,0.0,0.0,0.0,0.0,0.0,0.0,0.0,0.0,0.0,0.0,0.0,0.0,0.0,0.0,0.0,0.0,0.0,0.0,0.0,0.0,0.0,0.0,0.0,0.0,0.0,0.0,0.0,0.0,0.0,0.0,0.0,0.0,0.0,0.0,0.0,0.0,0.0,0.0,0.0,0.0,0.0,0.0,0.0,0.0,0.0,0.0,662.0,69.0,0.0
2019,TACNA,0.0,21.0,9.0,184.0,2.0,0.0,329.0,4.0,3.0,29.0,0.0,406.0,2.0,47.0,17.0,43.0,33.0,159.0,6.0,1.0,2.0,190.0,176.0,184.0,156.0,191.0,230.0,170.0,49.0,0.0,57.0,62.0,101.0,0.0,147.0,111.0,121.0,0.0,139.0,142.0,169.0,0.0,123.0,76.0,170.0,13.0,16.0,764.0,5.0,87.0,0.0,1.0,136.0,12.0,5.0,84.0,4.0,0.0,0.0,1297.0
2019,TOTAL,0.0,885.0,241.0,6751.0,480.0,325.0,26280.0,922.0,408.0,1633.0,0.0,28415.0,1272.0,4652.0,1922.0,4349.0,5249.0,9406.0,1558.0,529.0,523.0,13066.0,12457.0,13011.0,11664.0,12322.0,16949.0,16331.0,4177.0,0.0,3659.0,4755.0,7932.0,0.0,9864.0,8797.0,8828.0,0.0,8984.0,10088.0,11297.0,0.0,10100.0,7319.0,14094.0,2579.0,2579.0,40707.0,1582.0,10409.0,395.0,323.0,11039.0,1538.0,116.0,8837.0,1602.0,7746.0,757.0,0.0
2019,TOTAL ANUAL,0.0,0.0,0.0,0.0,0.0,0.0,95800.0,0.0,0.0,0.0,0.0,0.0,0.0,0.0,0.0,0.0,0.0,0.0,0.0,0.0,0.0,0.0,0.0,95800.0,0.0,0.0,0.0,0.0,95800.0,0.0,0.0,0.0,0.0,0.0,0.0,0.0,0.0,0.0,0.0,0.0,0.0,0.0,0.0,0.0,95800.0,0.0,0.0,0.0,0.0,0.0,0.0,0.0,0.0,0.0,0.0,0.0,0.0,0.0,0.0,0.0
2019,TOTAL SINIESTROS DE TRÁNSITO,0.0,0.0,0.0,0.0,0.0,0.0,0.0,0.0,0.0,0.0,0.0,0.0,0.0,0.0,0.0,0.0,0.0,0.0,0.0,0.0,0.0,0.0,0.0,0.0,0.0,0.0,0.0,0.0,0.0,0.0,0.0,0.0,0.0,0.0,0.0,0.0,0.0,0.0,0.0,0.0,0.0,0.0,0.0,0.0,0.0,0.0,0.0,0.0,0.0,0.0,0.0,0.0,0.0,0.0,0.0,0.0,0.0,0.0,0.0,95800.0
2019,TUMBES,0.0,0.0,0.0,52.0,0.0,0.0,84.0,2.0,0.0,11.0,0.0,119.0,0.0,6.0,5.0,43.0,22.0,46.0,5.0,0.0,0.0,64.0,48.0,54.0,60.0,64.0,65.0,40.0,8.0,0.0,10.0,8.0,23.0,0.0,45.0,33.0,34.0,0.0,37.0,46.0,51.0,0.0,53.0,47.0,51.0,20.0,0.0,188.0,6.0,48.0,0.0,1.0,67.0,2.0,0.0,8.0,4.0,0.0,0.0,395.0
2019,UCAYALI,0.0,3.0,0.0,81.0,4.0,3.0,175.0,9.0,3.0,41.0,0.0,237.0,0.0,36.0,2.0,7.0,4.0,97.0,0.0,0.0,1.0,122.0,92.0,49.0,68.0,80.0,159.0,133.0,18.0,0.0,36.0,23.0,45.0,0.0,58.0,48.0,56.0,0.0,65.0,69.0,115.0,0.0,91.0,79.0,59.0,8.0,2.0,315.0,4.0,80.0,0.0,1.0,116.0,4.0,0.0,110.0,4.0,0.0,0.0,703.0
2020,ABRIL,0.0,0.0,0.0,0.0,0.0,0.0,0.0,0.0,0.0,0.0,0.0,0.0,0.0,0.0,0.0,0.0,0.0,0.0,0.0,0.0,0.0,0.0,0.0,0.0,0.0,0.0,0.0,0.0,0.0,0.0,0.0,0.0,0.0,0.0,0.0,0.0,0.0,0.0,0.0,0.0,0.0,0.0,0.0,0.0,0.0,0.0,0.0,0.0,0.0,0.0,0.0,0.0,0.0,0.0,0.0,0.0,0.0,72.0,6.0,0.0
2020,AGOSTO,0.0,0.0,0.0,0.0,0.0,0.0,0.0,0.0,0.0,0.0,0.0,0.0,0.0,0.0,0.0,0.0,0.0,0.0,0.0,0.0,0.0,0.0,0.0,0.0,0.0,0.0,0.0,0.0,0.0,0.0,0.0,0.0,0.0,0.0,0.0,0.0,0.0,0.0,0.0,0.0,0.0,0.0,0.0,0.0,0.0,0.0,0.0,0.0,0.0,0.0,0.0,0.0,0.0,0.0,0.0,0.0,0.0,267.0,38.0,0.0
2020,AMAZONAS,0.0,1.0,0.0,38.0,0.0,0.0,132.0,15.0,1.0,12.0,0.0,85.0,1.0,7.0,6.0,10.0,41.0,27.0,8.0,0.0,3.0,56.0,45.0,45.0,37.0,48.0,80.0,76.0,5.0,0.0,6.0,17.0,42.0,0.0,48.0,44.0,39.0,0.0,36.0,57.0,56.0,0.0,24.0,13.0,37.0,5.0,7.0,148.0,4.0,26.0,1.0,4.0,100.0,25.0,0.0,18.0,12.0,0.0,0.0,387.0
2020,ANCASH,0.0,3.0,0.0,65.0,4.0,0.0,165.0,3.0,5.0,10.0,0.0,334.0,6.0,17.0,4.0,50.0,187.0,412.0,10.0,1.0,3.0,154.0,185.0,144.0,178.0,194.0,226.0,198.0,48.0,0.0,21.0,75.0,166.0,0.0,131.0,149.0,141.0,0.0,107.0,121.0,110.0,0.0,131.0,79.0,147.0,32.0,10.0,544.0,23.0,106.0,0.0,3.0,144.0,28.0,0.0,225.0,17.0,0.0,0.0,1279.0
2020,APURIMAC,0.0,0.0,1.0,60.0,3.0,2.0,148.0,27.0,1.0,17.0,0.0,151.0,8.0,10.0,11.0,36.0,85.0,55.0,20.0,0.0,2.0,65.0,110.0,95.0,79.0,85.0,116.0,87.0,12.0,0.0,30.0,43.0,66.0,0.0,62.0,62.0,67.0,0.0,69.0,74.0,61.0,0.0,58.0,33.0,89.0,13.0,6.0,255.0,3.0,16.0,4.0,0.0,132.0,55.0,3.0,17.0,44.0,0.0,0.0,637.0
2020,AREQUIPA,0.0,2.0,0.0,320.0,3.0,7.0,630.0,60.0,2.0,35.0,0.0,1203.0,20.0,133.0,23.0,85.0,150.0,285.0,37.0,10.0,5.0,272.0,461.0,384.0,373.0,473.0,541.0,506.0,86.0,0.0,88.0,171.0,224.0,0.0,345.0,312.0,279.0,0.0,297.0,351.0,368.0,0.0,300.0,189.0,338.0,41.0,56.0,1624.0,23.0,206.0,2.0,4.0,364.0,89.0,4.0,211.0,48.0,0.0,0.0,3010.0
2020,AYACUCHO,0.0,0.0,14.0,48.0,1.0,5.0,119.0,14.0,0.0,23.0,0.0,88.0,8.0,12.0,3.0,4.0,11.0,42.0,18.0,0.0,0.0,60.0,64.0,45.0,36.0,44.0,95.0,66.0,27.0,0.0,21.0,25.0,24.0,0.0,26.0,33.0,43.0,0.0,23.0,62.0,42.0,0.0,42.0,42.0,42.0,13.0,10.0,138.0,9.0,56.0,1.0,0.0,65.0,24.0,0.0,20.0,32.0,0.0,0.0,410.0
2020,CAJAMARCA,0.0,8.0,0.0,109.0,0.0,5.0,412.0,23.0,1.0,40.0,0.0,421.0,12.0,61.0,30.0,37.0,22.0,103.0,7.0,0.0,12.0,156.0,159.0,163.0,161.0,183.0,262.0,219.0,69.0,0.0,83.0,66.0,125.0,0.0,118.0,119.0,133.0,0.0,154.0,147.0,94.0,0.0,122.0,73.0,154.0,11.0,15.0,590.0,16.0,32.0,12.0,4.0,290.0,25.0,0.0,88.0,66.0,0.0,0.0,1303.0
2020,CALLAO,0.0,17.0,0.0,58.0,2.0,1.0,606.0,4.0,8.0,32.0,0.0,506.0,14.0,44.0,5.0,5.0,125.0,557.0,12.0,12.0,0.0,200.0,280.0,257.0,245.0,285.0,397.0,344.0,81.0,0.0,104.0,116.0,168.0,0.0,201.0,226.0,217.0,0.0,237.0,190.0,192.0,0.0,151.0,125.0,214.0,39.0,26.0,975.0,12.0,202.0,0.0,0.0,242.0,16.0,3.0,265.0,14.0,0.0,0.0,2008.0
2020,CUSCO,0.0,32.0,1.0,139.0,6.0,3.0,615.0,70.0,7.0,22.0,0.0,677.0,12.0,96.0,18.0,155.0,189.0,212.0,56.0,6.0,2.0,203.0,389.0,313.0,296.0,291.0,411.0,415.0,65.0,0.0,51.0,116.0,227.0,0.0,242.0,246.0,207.0,0.0,302.0,282.0,275.0,0.0,206.0,99.0,463.0,36.0,42.0,1118.0,30.0,79.0,2.0,6.0,308.0,98.0,1.0,80.0,55.0,0.0,0.0,2318.0
2020,DICIEMBRE,0.0,0.0,0.0,0.0,0.0,0.0,0.0,0.0,0.0,0.0,0.0,0.0,0.0,0.0,0.0,0.0,0.0,0.0,0.0,0.0,0.0,0.0,0.0,0.0,0.0,0.0,0.0,0.0,0.0,0.0,0.0,0.0,0.0,0.0,0.0,0.0,0.0,0.0,0.0,0.0,0.0,0.0,0.0,0.0,0.0,0.0,0.0,0.0,0.0,0.0,0.0,0.0,0.0,0.0,0.0,0.0,0.0,552.0,62.0,0.0
2020,ENERO,0.0,0.0,0.0,0.0,0.0,0.0,0.0,0.0,0.0,0.0,0.0,0.0,0.0,0.0,0.0,0.0,0.0,0.0,0.0,0.0,0.0,0.0,0.0,0.0,0.0,0.0,0.0,0.0,0.0,0.0,0.0,0.0,0.0,0.0,0.0,0.0,0.0,0.0,0.0,0.0,0.0,0.0,0.0,0.0,0.0,0.0,0.0,0.0,0.0,0.0,0.0,0.0,0.0,0.0,0.0,0.0,0.0,720.0,76.0,0.0
2020,FEBRERO,0.0,0.0,0.0,0.0,0.0,0.0,0.0,0.0,0.0,0.0,0.0,0.0,0.0,0.0,0.0,0.0,0.0,0.0,0.0,0.0,0.0,0.0,0.0,0.0,0.0,0.0,0.0,0.0,0.0,0.0,0.0,0.0,0.0,0.0,0.0,0.0,0.0,0.0,0.0,0.0,0.0,0.0,0.0,0.0,0.0,0.0,0.0,0.0,0.0,0.0,0.0,0.0,0.0,0.0,0.0,0.0,0.0,957.0,98.0,0.0
2020,HUANCAVELICA,0.0,0.0,1.0,3.0,0.0,0.0,27.0,0.0,0.0,5.0,0.0,27.0,0.0,2.0,1.0,7.0,4.0,93.0,0.0,0.0,0.0,10.0,32.0,21.0,18.0,25.0,28.0,36.0,2.0,0.0,6.0,9.0,20.0,0.0,14.0,13.0,14.0,0.0,29.0,28.0,18.0,0.0,5.0,12.0,13.0,1.0,0.0,49.0,3.0,3.0,0.0,2.0,44.0,39.0,0.0,9.0,7.0,0.0,0.0,170.0
2020,HUÁNUCO,0.0,8.0,0.0,74.0,0.0,16.0,228.0,64.0,5.0,11.0,0.0,258.0,6.0,22.0,8.0,22.0,13.0,60.0,23.0,4.0,0.0,102.0,105.0,111.0,88.0,122.0,174.0,120.0,36.0,0.0,64.0,65.0,77.0,0.0,70.0,91.0,65.0,0.0,56.0,82.0,98.0,0.0,61.0,57.0,121.0,13.0,6.0,380.0,3.0,41.0,2.0,1.0,156.0,32.0,0.0,35.0,32.0,0.0,0.0,822.0
2020,ICA,0.0,0.0,0.0,125.0,1.0,1.0,285.0,1.0,4.0,24.0,0.0,244.0,3.0,34.0,14.0,52.0,35.0,172.0,8.0,0.0,0.0,116.0,145.0,108.0,114.0,129.0,235.0,156.0,36.0,0.0,32.0,49.0,54.0,0.0,76.0,94.0,96.0,0.0,94.0,149.0,133.0,0.0,126.0,64.0,107.0,18.0,9.0,528.0,17.0,78.0,3.0,5.0,167.0,16.0,1.0,44.0,10.0,0.0,0.0,1003.0
2020,JULIO,0.0,0.0,0.0,0.0,0.0,0.0,0.0,0.0,0.0,0.0,0.0,0.0,0.0,0.0,0.0,0.0,0.0,0.0,0.0,0.0,0.0,0.0,0.0,0.0,0.0,0.0,0.0,0.0,0.0,0.0,0.0,0.0,0.0,0.0,0.0,0.0,0.0,0.0,0.0,0.0,0.0,0.0,0.0,0.0,0.0,0.0,0.0,0.0,0.0,0.0,0.0,0.0,0.0,0.0,0.0,0.0,0.0,263.0,40.0,0.0
2020,JUNIN,0.0,1.0,0.0,124.0,7.0,4.0,483.0,30.0,3.0,16.0,0.0,548.0,13.0,61.0,13.0,158.0,112.0,716.0,16.0,6.0,0.0,241.0,383.0,280.0,318.0,308.0,398.0,383.0,38.0,0.0,54.0,99.0,207.0,0.0,276.0,282.0,267.0,0.0,233.0,253.0,312.0,0.0,190.0,100.0,374.0,55.0,23.0,1036.0,14.0,164.0,3.0,6.0,461.0,35.0,0.0,71.0,69.0,0.0,0.0,2311.0
2020,JUNIO,0.0,0.0,0.0,0.0,0.0,0.0,0.0,0.0,0.0,0.0,0.0,0.0,0.0,0.0,0.0,0.0,0.0,0.0,0.0,0.0,0.0,0.0,0.0,0.0,0.0,0.0,0.0,0.0,0.0,0.0,0.0,0.0,0.0,0.0,0.0,0.0,0.0,0.0,0.0,0.0,0.0,0.0,0.0,0.0,0.0,0.0,0.0,0.0,0.0,0.0,0.0,0.0,0.0,0.0,0.0,0.0,0.0,194.0,24.0,0.0
2020,LA LIBERTAD,0.0,1.0,0.0,100.0,2.0,6.0,1198.0,27.0,8.0,46.0,0.0,1113.0,15.0,113.0,196.0,46.0,128.0,221.0,118.0,3.0,3.0,377.0,440.0,514.0,391.0,440.0,647.0,535.0,104.0,0.0,76.0,127.0,245.0,0.0,342.0,363.0,331.0,0.0,346.0,393.0,451.0,0.0,368.0,198.0,370.0,57.0,45.0,1420.0,51.0,229.0,127.0,14.0,665.0,76.0,7.0,231.0,52.0,0.0,0.0,3344.0
2020,LAMBAYEQUE,0.0,9.0,0.0,127.0,2.0,2.0,998.0,3.0,6.0,15.0,0.0,666.0,3.0,31.0,22.0,163.0,42.0,104.0,45.0,3.0,22.0,273.0,287.0,277.0,321.0,286.0,424.0,395.0,64.0,0.0,75.0,80.0,165.0,0.0,186.0,223.0,186.0,0.0,243.0,229.0,328.0,0.0,328.0,156.0,234.0,57.0,21.0,976.0,30.0,241.0,14.0,0.0,368.0,18.0,0.0,286.0,18.0,0.0,0.0,2263.0
2020,LIMA,0.0,427.0,52.0,1394.0,126.0,74.0,7628.0,87.0,52.0,494.0,0.0,8855.0,388.0,1157.0,711.0,2411.0,1223.0,3514.0,404.0,66.0,122.0,3117.0,4210.0,3883.0,3621.0,4126.0,5100.0,5128.0,930.0,0.0,691.0,1064.0,2341.0,0.0,3077.0,3116.0,2895.0,0.0,3148.0,3523.0,3495.0,0.0,2949.0,1956.0,3427.0,725.0,652.0,12313.0,694.0,3566.0,41.0,100.0,3369.0,313.0,65.0,3378.0,542.0,0.0,0.0,29185.0
2020,LORETO,0.0,0.0,0.0,40.0,4.0,0.0,58.0,0.0,0.0,0.0,0.0,91.0,0.0,4.0,0.0,9.0,0.0,2.0,3.0,0.0,0.0,27.0,37.0,31.0,27.0,21.0,35.0,33.0,11.0,0.0,8.0,9.0,14.0,0.0,20.0,27.0,17.0,0.0,25.0,20.0,26.0,0.0,20.0,14.0,29.0,5.0,2.0,102.0,14.0,20.0,1.0,0.0,33.0,0.0,0.0,0.0,5.0,0.0,0.0,211.0
2020,MADRE DE DIOS,0.0,0.0,0.0,69.0,0.0,0.0,130.0,0.0,0.0,1.0,0.0,152.0,0.0,51.0,7.0,0.0,0.0,9.0,0.0,0.0,0.0,61.0,44.0,70.0,10.0,41.0,116.0,77.0,1.0,0.0,26.0,19.0,35.0,0.0,56.0,12.0,42.0,0.0,64.0,61.0,52.0,0.0,37.0,14.0,47.0,17.0,13.0,242.0,14.0,12.0,2.0,0.0,60.0,2.0,0.0,9.0,1.0,0.0,0.0,419.0
2020,MARZO,0.0,0.0,0.0,0.0,0.0,0.0,0.0,0.0,0.0,0.0,0.0,0.0,0.0,0.0,0.0,0.0,0.0,0.0,0.0,0.0,0.0,0.0,0.0,0.0,0.0,0.0,0.0,0.0,0.0,0.0,0.0,0.0,0.0,0.0,0.0,0.0,0.0,0.0,0.0,0.0,0.0,0.0,0.0,0.0,0.0,0.0,0.0,0.0,0.0,0.0,0.0,0.0,0.0,0.0,0.0,0.0,0.0,430.0,30.0,0.0
2020,MAYO,0.0,0.0,0.0,0.0,0.0,0.0,0.0,0.0,0.0,0.0,0.0,0.0,0.0,0.0,0.0,0.0,0.0,0.0,0.0,0.0,0.0,0.0,0.0,0.0,0.0,0.0,0.0,0.0,0.0,0.0,0.0,0.0,0.0,0.0,0.0,0.0,0.0,0.0,0.0,0.0,0.0,0.0,0.0,0.0,0.0,0.0,0.0,0.0,0.0,0.0,0.0,0.0,0.0,0.0,0.0,0.0,0.0,106.0,24.0,0.0
2020,MOQUEGUA,0.0,0.0,0.0,32.0,0.0,1.0,90.0,4.0,0.0,4.0,0.0,91.0,1.0,4.0,11.0,13.0,5.0,54.0,0.0,0.0,0.0,27.0,43.0,66.0,19.0,51.0,43.0,61.0,8.0,0.0,5.0,51.0,22.0,0.0,45.0,35.0,33.0,0.0,30.0,18.0,26.0,0.0,27.0,10.0,18.0,4.0,0.0,131.0,5.0,22.0,1.0,0.0,63.0,18.0,0.0,37.0,11.0,0.0,0.0,310.0
2020,NOVIEMBRE,0.0,0.0,0.0,0.0,0.0,0.0,0.0,0.0,0.0,0.0,0.0,0.0,0.0,0.0,0.0,0.0,0.0,0.0,0.0,0.0,0.0,0.0,0.0,0.0,0.0,0.0,0.0,0.0,0.0,0.0,0.0,0.0,0.0,0.0,0.0,0.0,0.0,0.0,0.0,0.0,0.0,0.0,0.0,0.0,0.0,0.0,0.0,0.0,0.0,0.0,0.0,0.0,0.0,0.0,0.0,0.0,0.0,439.0,35.0,0.0
2020,OCTUBRE,0.0,0.0,0.0,0.0,0.0,0.0,0.0,0.0,0.0,0.0,0.0,0.0,0.0,0.0,0.0,0.0,0.0,0.0,0.0,0.0,0.0,0.0,0.0,0.0,0.0,0.0,0.0,0.0,0.0,0.0,0.0,0.0,0.0,0.0,0.0,0.0,0.0,0.0,0.0,0.0,0.0,0.0,0.0,0.0,0.0,0.0,0.0,0.0,0.0,0.0,0.0,0.0,0.0,0.0,0.0,0.0,0.0,438.0,48.0,0.0
2020,PASCO,0.0,0.0,0.0,27.0,2.0,5.0,137.0,5.0,1.0,12.0,0.0,55.0,0.0,3.0,12.0,3.0,10.0,43.0,12.0,1.0,0.0,44.0,34.0,46.0,44.0,45.0,58.0,57.0,12.0,0.0,8.0,24.0,23.0,0.0,34.0,27.0,52.0,0.0,33.0,36.0,31.0,0.0,29.0,19.0,23.0,7.0,1.0,163.0,6.0,9.0,2.0,0.0,68.0,16.0,0.0,18.0,15.0,0.0,0.0,328.0
2020,PIURA,0.0,12.0,8.0,260.0,23.0,14.0,781.0,26.0,10.0,80.0,0.0,666.0,25.0,119.0,93.0,123.0,148.0,155.0,63.0,5.0,25.0,322.0,343.0,383.0,317.0,371.0,488.0,412.0,73.0,0.0,99.0,188.0,191.0,0.0,232.0,229.0,297.0,0.0,262.0,285.0,351.0,0.0,250.0,179.0,281.0,56.0,42.0,980.0,91.0,310.0,3.0,1.0,485.0,30.0,1.0,345.0,11.0,0.0,0.0,2636.0
2020,PUNO,0.0,0.0,0.0,93.0,0.0,0.0,126.0,13.0,9.0,8.0,0.0,123.0,1.0,22.0,3.0,42.0,96.0,61.0,3.0,2.0,0.0,67.0,75.0,81.0,90.0,85.0,97.0,107.0,19.0,0.0,19.0,29.0,50.0,0.0,47.0,52.0,55.0,0.0,62.0,64.0,97.0,0.0,85.0,23.0,74.0,19.0,3.0,273.0,25.0,21.0,3.0,2.0,86.0,39.0,0.0,36.0,21.0,0.0,0.0,602.0
2020,SAN MARTÍN,0.0,0.0,0.0,50.0,0.0,0.0,130.0,17.0,2.0,19.0,0.0,320.0,4.0,11.0,1.0,1.0,66.0,236.0,23.0,0.0,0.0,104.0,126.0,144.0,127.0,133.0,132.0,114.0,31.0,0.0,15.0,21.0,65.0,0.0,101.0,110.0,94.0,0.0,93.0,92.0,135.0,0.0,73.0,50.0,64.0,18.0,6.0,385.0,3.0,48.0,0.0,0.0,304.0,2.0,0.0,34.0,16.0,0.0,0.0,880.0
2020,SETIEMBRE,0.0,0.0,0.0,0.0,0.0,0.0,0.0,0.0,0.0,0.0,0.0,0.0,0.0,0.0,0.0,0.0,0.0,0.0,0.0,0.0,0.0,0.0,0.0,0.0,0.0,0.0,0.0,0.0,0.0,0.0,0.0,0.0,0.0,0.0,0.0,0.0,0.0,0.0,0.0,0.0,0.0,0.0,0.0,0.0,0.0,0.0,0.0,0.0,0.0,0.0,0.0,0.0,0.0,0.0,0.0,0.0,0.0,316.0,24.0,0.0
2020,TACNA,0.0,5.0,3.0,43.0,1.0,0.0,181.0,7.0,0.0,10.0,0.0,240.0,1.0,26.0,7.0,40.0,24.0,125.0,6.0,0.0,0.0,75.0,110.0,105.0,86.0,101.0,129.0,113.0,18.0,0.0,30.0,47.0,45.0,0.0,90.0,75.0,92.0,0.0,85.0,86.0,79.0,0.0,54.0,18.0,76.0,2.0,6.0,450.0,2.0,35.0,0.0,0.0,92.0,12.0,1.0,32.0,11.0,0.0,0.0,719.0
2020,TOTAL,0.0,526.0,80.0,3512.0,187.0,146.0,15435.0,501.0,127.0,955.0,0.0,17136.0,542.0,2068.0,1212.0,3515.0,2751.0,7482.0,903.0,119.0,199.0,6282.0,8217.0,7644.0,7080.0,7986.0,10408.0,9779.0,1809.0,0.0,1648.0,2527.0,4628.0,0.0,5895.0,6016.0,5737.0,0.0,6128.0,6687.0,6939.0,0.0,5761.0,3621.0,6811.0,1267.0,1006.0,25193.0,1093.0,5640.0,225.0,152.0,8230.0,1018.0,86.0,5556.0,1119.0,4754.0,505.0,0.0
2020,TOTAL ANUAL,0.0,0.0,0.0,0.0,0.0,0.0,57396.0,0.0,0.0,0.0,0.0,0.0,0.0,0.0,0.0,0.0,0.0,0.0,0.0,0.0,0.0,0.0,0.0,57396.0,0.0,0.0,0.0,0.0,57396.0,0.0,0.0,0.0,0.0,0.0,0.0,0.0,0.0,0.0,0.0,0.0,0.0,0.0,0.0,0.0,57396.0,0.0,0.0,0.0,0.0,0.0,0.0,0.0,0.0,0.0,0.0,0.0,0.0,0.0,0.0,0.0
2020,TOTAL SINIESTROS DE TRÁNSITO,0.0,0.0,0.0,0.0,0.0,0.0,0.0,0.0,0.0,0.0,0.0,0.0,0.0,0.0,0.0,0.0,0.0,0.0,0.0,0.0,0.0,0.0,0.0,0.0,0.0,0.0,0.0,0.0,0.0,0.0,0.0,0.0,0.0,0.0,0.0,0.0,0.0,0.0,0.0,0.0,0.0,0.0,0.0,0.0,0.0,0.0,0.0,0.0,0.0,0.0,0.0,0.0,0.0,0.0,0.0,0.0,0.0,0.0,0.0,57396.0
2020,TUMBES,0.0,0.0,0.0,14.0,0.0,0.0,55.0,0.0,1.0,9.0,0.0,59.0,1.0,4.0,6.0,43.0,18.0,37.0,7.0,0.0,0.0,32.0,29.0,33.0,29.0,42.0,41.0,48.0,5.0,0.0,5.0,7.0,13.0,0.0,23.0,37.0,25.0,0.0,34.0,33.0,29.0,0.0,26.0,17.0,28.0,13.0,2.0,116.0,0.0,20.0,1.0,0.0,62.0,3.0,0.0,6.0,3.0,0.0,0.0,254.0
2020,UCAYALI,0.0,0.0,0.0,100.0,0.0,0.0,73.0,1.0,1.0,10.0,0.0,163.0,0.0,24.0,7.0,0.0,17.0,187.0,4.0,0.0,0.0,121.0,81.0,45.0,55.0,57.0,135.0,93.0,28.0,0.0,31.0,10.0,19.0,0.0,33.0,39.0,50.0,0.0,66.0,51.0,80.0,0.0,99.0,81.0,41.0,10.0,3.0,257.0,1.0,98.0,0.0,0.0,102.0,7.0,0.0,61.0,7.0,0.0,0.0,587.0
2021,ABRIL,0.0,0.0,0.0,0.0,0.0,0.0,0.0,0.0,0.0,0.0,0.0,0.0,0.0,0.0,0.0,0.0,0.0,0.0,0.0,0.0,0.0,0.0,0.0,0.0,0.0,0.0,0.0,0.0,0.0,0.0,0.0,0.0,0.0,0.0,0.0,0.0,0.0,0.0,0.0,0.0,0.0,0.0,0.0,0.0,0.0,0.0,0.0,0.0,0.0,0.0,0.0,0.0,0.0,0.0,0.0,0.0,0.0,385.0,48.0,0.0
2021,AGOSTO,0.0,0.0,0.0,0.0,0.0,0.0,0.0,0.0,0.0,0.0,0.0,0.0,0.0,0.0,0.0,0.0,0.0,0.0,0.0,0.0,0.0,0.0,0.0,0.0,0.0,0.0,0.0,0.0,0.0,0.0,0.0,0.0,0.0,0.0,0.0,0.0,0.0,0.0,0.0,0.0,0.0,0.0,0.0,0.0,0.0,0.0,0.0,0.0,0.0,0.0,0.0,0.0,0.0,0.0,0.0,0.0,0.0,774.0,112.0,0.0
2021,AMAZONAS,0.0,1.0,0.0,66.0,0.0,0.0,102.0,22.0,1.0,10.0,0.0,104.0,1.0,15.0,12.0,22.0,42.0,59.0,10.0,3.0,3.0,63.0,63.0,75.0,60.0,50.0,77.0,85.0,12.0,0.0,18.0,22.0,50.0,0.0,37.0,56.0,44.0,0.0,37.0,76.0,61.0,0.0,34.0,26.0,37.0,12.0,7.0,231.0,1.0,30.0,1.0,1.0,112.0,12.0,0.0,16.0,13.0,0.0,0.0,473.0
2021,ANCASH,0.0,7.0,0.0,95.0,0.0,5.0,413.0,18.0,0.0,25.0,0.0,301.0,3.0,28.0,27.0,213.0,343.0,577.0,30.0,10.0,1.0,252.0,291.0,290.0,266.0,253.0,412.0,332.0,69.0,0.0,72.0,130.0,140.0,0.0,185.0,200.0,206.0,0.0,214.0,255.0,252.0,0.0,216.0,157.0,230.0,33.0,5.0,788.0,14.0,203.0,0.0,1.0,341.0,54.0,5.0,376.0,46.0,0.0,0.0,2096.0
2021,APURIMAC,0.0,0.0,1.0,48.0,0.0,0.0,277.0,32.0,3.0,8.0,0.0,179.0,5.0,18.0,10.0,164.0,116.0,36.0,25.0,1.0,1.0,110.0,146.0,97.0,131.0,119.0,164.0,157.0,23.0,0.0,46.0,54.0,86.0,0.0,93.0,101.0,85.0,0.0,93.0,100.0,125.0,0.0,85.0,33.0,119.0,6.0,5.0,429.0,8.0,23.0,1.0,1.0,218.0,56.0,0.0,21.0,37.0,0.0,0.0,924.0
2021,AREQUIPA,0.0,7.0,3.0,476.0,15.0,20.0,1228.0,111.0,16.0,47.0,0.0,1694.0,29.0,153.0,41.0,190.0,144.0,323.0,80.0,9.0,15.0,556.0,714.0,573.0,582.0,607.0,790.0,779.0,112.0,0.0,137.0,287.0,394.0,0.0,481.0,480.0,462.0,0.0,524.0,546.0,584.0,0.0,418.0,176.0,378.0,99.0,67.0,2466.0,58.0,414.0,9.0,7.0,531.0,153.0,3.0,293.0,123.0,0.0,0.0,4601.0
2021,AYACUCHO,0.0,2.0,0.0,56.0,0.0,6.0,162.0,7.0,0.0,5.0,0.0,114.0,8.0,22.0,9.0,1.0,1.0,73.0,19.0,1.0,0.0,47.0,64.0,64.0,81.0,79.0,77.0,74.0,22.0,0.0,32.0,26.0,50.0,0.0,41.0,42.0,41.0,0.0,32.0,41.0,49.0,0.0,54.0,56.0,61.0,18.0,15.0,195.0,2.0,64.0,0.0,0.0,54.0,42.0,0.0,18.0,17.0,0.0,0.0,486.0
2021,CAJAMARCA,0.0,1.0,3.0,69.0,0.0,5.0,695.0,51.0,0.0,25.0,0.0,490.0,3.0,99.0,21.0,78.0,95.0,342.0,24.0,3.0,2.0,206.0,292.0,312.0,318.0,282.0,260.0,336.0,47.0,0.0,92.0,150.0,204.0,0.0,123.0,184.0,179.0,0.0,314.0,200.0,166.0,0.0,178.0,169.0,212.0,28.0,35.0,902.0,57.0,101.0,13.0,3.0,327.0,45.0,89.0,105.0,89.0,0.0,0.0,2006.0
2021,CALLAO,0.0,6.0,0.0,1622.0,5.0,0.0,1014.0,5.0,10.0,29.0,0.0,634.0,48.0,75.0,800.0,49.0,193.0,523.0,28.0,21.0,6.0,287.0,408.0,414.0,329.0,391.0,514.0,430.0,1141.0,0.0,803.0,1457.0,2911.0,0.0,3944.0,3617.0,3950.0,0.0,3799.0,4166.0,4397.0,0.0,3614.0,2049.0,312.0,36.0,30.0,1548.0,30.0,259.0,4.0,0.0,412.0,15.0,0.0,90.0,37.0,0.0,0.0,2773.0
2021,CUSCO,0.0,31.0,10.0,124.0,10.0,9.0,813.0,42.0,3.0,49.0,0.0,917.0,53.0,110.0,3.0,230.0,137.0,197.0,44.0,5.0,8.0,332.0,446.0,370.0,402.0,408.0,542.0,496.0,76.0,0.0,99.0,145.0,222.0,0.0,319.0,248.0,336.0,0.0,309.0,243.0,364.0,0.0,236.0,176.0,508.0,50.0,55.0,1481.0,44.0,87.0,4.0,5.0,417.0,150.0,1.0,99.0,95.0,0.0,0.0,2996.0
2021,DICIEMBRE,0.0,0.0,0.0,0.0,0.0,0.0,0.0,0.0,0.0,0.0,0.0,0.0,0.0,0.0,0.0,0.0,0.0,0.0,0.0,0.0,0.0,0.0,0.0,0.0,0.0,0.0,0.0,0.0,0.0,0.0,0.0,0.0,0.0,0.0,0.0,0.0,0.0,0.0,0.0,0.0,0.0,0.0,0.0,0.0,0.0,0.0,0.0,0.0,0.0,0.0,0.0,0.0,0.0,0.0,0.0,0.0,0.0,633.0,61.0,0.0
2021,ENERO,0.0,0.0,0.0,0.0,0.0,0.0,0.0,0.0,0.0,0.0,0.0,0.0,0.0,0.0,0.0,0.0,0.0,0.0,0.0,0.0,0.0,0.0,0.0,0.0,0.0,0.0,0.0,0.0,0.0,0.0,0.0,0.0,0.0,0.0,0.0,0.0,0.0,0.0,0.0,0.0,0.0,0.0,0.0,0.0,0.0,0.0,0.0,0.0,0.0,0.0,0.0,0.0,0.0,0.0,0.0,0.0,0.0,589.0,43.0,0.0
2021,FEBRERO,0.0,0.0,0.0,0.0,0.0,0.0,0.0,0.0,0.0,0.0,0.0,0.0,0.0,0.0,0.0,0.0,0.0,0.0,0.0,0.0,0.0,0.0,0.0,0.0,0.0,0.0,0.0,0.0,0.0,0.0,0.0,0.0,0.0,0.0,0.0,0.0,0.0,0.0,0.0,0.0,0.0,0.0,0.0,0.0,0.0,0.0,0.0,0.0,0.0,0.0,0.0,0.0,0.0,0.0,0.0,0.0,0.0,319.0,56.0,0.0
2021,HUANCAVELICA,0.0,0.0,0.0,275.0,0.0,0.0,26.0,8.0,0.0,3.0,0.0,14.0,1.0,0.0,53.0,2.0,12.0,166.0,4.0,2.0,0.0,35.0,39.0,27.0,34.0,34.0,36.0,37.0,96.0,0.0,65.0,179.0,229.0,0.0,276.0,296.0,271.0,0.0,297.0,442.0,379.0,0.0,303.0,163.0,24.0,2.0,2.0,74.0,1.0,1.0,3.0,1.0,58.0,49.0,0.0,24.0,3.0,0.0,0.0,242.0
2021,HUÁNUCO,0.0,3.0,2.0,2.0,5.0,6.0,316.0,13.0,8.0,35.0,0.0,320.0,17.0,20.0,2.0,95.0,48.0,149.0,26.0,3.0,9.0,139.0,168.0,135.0,142.0,144.0,269.0,202.0,6.0,0.0,4.0,18.0,24.0,0.0,19.0,26.0,28.0,0.0,21.0,30.0,24.0,0.0,28.0,14.0,145.0,27.0,5.0,524.0,6.0,72.0,2.0,0.0,281.0,36.0,1.0,68.0,32.0,0.0,0.0,1199.0
2021,ICA,0.0,0.0,0.0,110.0,3.0,3.0,377.0,3.0,10.0,53.0,0.0,355.0,0.0,39.0,14.0,93.0,50.0,420.0,14.0,7.0,5.0,221.0,231.0,178.0,182.0,203.0,351.0,284.0,41.0,0.0,53.0,58.0,92.0,0.0,88.0,140.0,113.0,0.0,99.0,121.0,153.0,0.0,135.0,106.0,128.0,31.0,4.0,885.0,14.0,128.0,1.0,1.0,240.0,41.0,2.0,156.0,19.0,0.0,0.0,1650.0
2021,JULIO,0.0,0.0,0.0,0.0,0.0,0.0,0.0,0.0,0.0,0.0,0.0,0.0,0.0,0.0,0.0,0.0,0.0,0.0,0.0,0.0,0.0,0.0,0.0,0.0,0.0,0.0,0.0,0.0,0.0,0.0,0.0,0.0,0.0,0.0,0.0,0.0,0.0,0.0,0.0,0.0,0.0,0.0,0.0,0.0,0.0,0.0,0.0,0.0,0.0,0.0,0.0,0.0,0.0,0.0,0.0,0.0,0.0,628.0,45.0,0.0
2021,JUNIN,0.0,0.0,0.0,212.0,3.0,0.0,735.0,36.0,3.0,39.0,0.0,739.0,11.0,104.0,6.0,145.0,216.0,966.0,18.0,1.0,5.0,385.0,435.0,455.0,438.0,430.0,634.0,559.0,38.0,0.0,60.0,100.0,121.0,0.0,126.0,137.0,188.0,0.0,193.0,208.0,179.0,0.0,201.0,99.0,482.0,92.0,40.0,1526.0,30.0,235.0,4.0,11.0,641.0,48.0,0.0,146.0,81.0,0.0,0.0,3336.0
2021,JUNIO,0.0,0.0,0.0,0.0,0.0,0.0,0.0,0.0,0.0,0.0,0.0,0.0,0.0,0.0,0.0,0.0,0.0,0.0,0.0,0.0,0.0,0.0,0.0,0.0,0.0,0.0,0.0,0.0,0.0,0.0,0.0,0.0,0.0,0.0,0.0,0.0,0.0,0.0,0.0,0.0,0.0,0.0,0.0,0.0,0.0,0.0,0.0,0.0,0.0,0.0,0.0,0.0,0.0,0.0,0.0,0.0,0.0,534.0,86.0,0.0
2021,LA LIBERTAD,0.0,7.0,0.0,272.0,1.0,6.0,1290.0,33.0,15.0,68.0,0.0,1832.0,9.0,173.0,43.0,78.0,67.0,283.0,81.0,8.0,8.0,485.0,647.0,669.0,535.0,585.0,746.0,700.0,96.0,0.0,96.0,139.0,236.0,0.0,355.0,353.0,344.0,0.0,369.0,374.0,463.0,0.0,300.0,211.0,469.0,79.0,71.0,1819.0,128.0,391.0,180.0,32.0,874.0,87.0,3.0,157.0,77.0,0.0,0.0,4367.0
2021,LAMBAYEQUE,0.0,6.0,0.0,169.0,2.0,3.0,1148.0,7.0,0.0,16.0,0.0,617.0,8.0,23.0,239.0,143.0,69.0,217.0,54.0,9.0,29.0,356.0,380.0,307.0,308.0,337.0,434.0,420.0,129.0,0.0,118.0,175.0,334.0,0.0,374.0,502.0,423.0,0.0,481.0,535.0,589.0,0.0,416.0,291.0,246.0,47.0,19.0,1275.0,23.0,237.0,0.0,8.0,436.0,24.0,0.0,210.0,17.0,0.0,0.0,2542.0
2021,LIMA,0.0,390.0,34.0,143.0,59.0,133.0,9724.0,151.0,58.0,737.0,0.0,10104.0,262.0,1352.0,48.0,2151.0,1744.0,5685.0,656.0,86.0,100.0,4041.0,5267.0,4844.0,4604.0,4926.0,6478.0,5688.0,64.0,0.0,88.0,152.0,215.0,0.0,190.0,243.0,222.0,0.0,242.0,283.0,382.0,0.0,296.0,165.0,3635.0,683.0,656.0,15221.0,978.0,4223.0,50.0,37.0,5133.0,339.0,83.0,4032.0,778.0,0.0,0.0,35848.0
2021,LORETO,0.0,0.0,0.0,23.0,0.0,0.0,38.0,2.0,0.0,2.0,0.0,71.0,0.0,7.0,0.0,2.0,12.0,16.0,1.0,0.0,0.0,22.0,27.0,26.0,21.0,28.0,22.0,28.0,16.0,0.0,7.0,6.0,7.0,0.0,16.0,19.0,13.0,0.0,21.0,15.0,18.0,0.0,16.0,20.0,27.0,3.0,0.0,85.0,0.0,12.0,0.0,0.0,29.0,11.0,0.0,5.0,2.0,0.0,0.0,174.0
2021,MADRE DE DIOS,0.0,0.0,0.0,199.0,2.0,0.0,180.0,2.0,0.0,1.0,0.0,196.0,2.0,14.0,2.0,1.0,3.0,29.0,0.0,2.0,0.0,65.0,77.0,64.0,57.0,51.0,172.0,147.0,8.0,0.0,16.0,18.0,20.0,0.0,48.0,52.0,47.0,0.0,69.0,71.0,109.0,0.0,122.0,53.0,20.0,4.0,30.0,419.0,20.0,11.0,1.0,1.0,100.0,18.0,0.0,5.0,4.0,0.0,0.0,633.0
2021,MARZO,0.0,0.0,0.0,0.0,0.0,0.0,0.0,0.0,0.0,0.0,0.0,0.0,0.0,0.0,0.0,0.0,0.0,0.0,0.0,0.0,0.0,0.0,0.0,0.0,0.0,0.0,0.0,0.0,0.0,0.0,0.0,0.0,0.0,0.0,0.0,0.0,0.0,0.0,0.0,0.0,0.0,0.0,0.0,0.0,0.0,0.0,0.0,0.0,0.0,0.0,0.0,0.0,0.0,0.0,0.0,0.0,0.0,442.0,54.0,0.0
2021,MAYO,0.0,0.0,0.0,0.0,0.0,0.0,0.0,0.0,0.0,0.0,0.0,0.0,0.0,0.0,0.0,0.0,0.0,0.0,0.0,0.0,0.0,0.0,0.0,0.0,0.0,0.0,0.0,0.0,0.0,0.0,0.0,0.0,0.0,0.0,0.0,0.0,0.0,0.0,0.0,0.0,0.0,0.0,0.0,0.0,0.0,0.0,0.0,0.0,0.0,0.0,0.0,0.0,0.0,0.0,0.0,0.0,0.0,496.0,61.0,0.0
2021,MOQUEGUA,0.0,3.0,0.0,91.0,0.0,16.0,93.0,9.0,2.0,4.0,0.0,144.0,1.0,10.0,17.0,10.0,28.0,52.0,8.0,7.0,0.0,61.0,71.0,76.0,67.0,57.0,94.0,69.0,16.0,0.0,26.0,45.0,35.0,0.0,30.0,46.0,43.0,0.0,55.0,44.0,69.0,0.0,54.0,32.0,31.0,8.0,1.0,196.0,4.0,28.0,4.0,2.0,86.0,34.0,2.0,74.0,25.0,0.0,0.0,495.0
2021,NOVIEMBRE,0.0,0.0,0.0,0.0,0.0,0.0,0.0,0.0,0.0,0.0,0.0,0.0,0.0,0.0,0.0,0.0,0.0,0.0,0.0,0.0,0.0,0.0,0.0,0.0,0.0,0.0,0.0,0.0,0.0,0.0,0.0,0.0,0.0,0.0,0.0,0.0,0.0,0.0,0.0,0.0,0.0,0.0,0.0,0.0,0.0,0.0,0.0,0.0,0.0,0.0,0.0,0.0,0.0,0.0,0.0,0.0,0.0,571.0,76.0,0.0
2021,OCTUBRE,0.0,0.0,0.0,0.0,0.0,0.0,0.0,0.0,0.0,0.0,0.0,0.0,0.0,0.0,0.0,0.0,0.0,0.0,0.0,0.0,0.0,0.0,0.0,0.0,0.0,0.0,0.0,0.0,0.0,0.0,0.0,0.0,0.0,0.0,0.0,0.0,0.0,0.0,0.0,0.0,0.0,0.0,0.0,0.0,0.0,0.0,0.0,0.0,0.0,0.0,0.0,0.0,0.0,0.0,0.0,0.0,0.0,830.0,77.0,0.0
2021,PASCO,0.0,0.0,0.0,41.0,0.0,0.0,93.0,6.0,1.0,7.0,0.0,80.0,0.0,4.0,2.0,7.0,6.0,41.0,4.0,6.0,0.0,35.0,49.0,28.0,28.0,47.0,57.0,54.0,25.0,0.0,9.0,16.0,17.0,0.0,32.0,27.0,23.0,0.0,26.0,31.0,34.0,0.0,35.0,23.0,24.0,4.0,1.0,143.0,1.0,15.0,2.0,4.0,76.0,4.0,1.0,8.0,15.0,0.0,0.0,298.0
2021,PIURA,0.0,3.0,2.0,340.0,9.0,14.0,1081.0,49.0,16.0,86.0,0.0,844.0,30.0,123.0,38.0,142.0,251.0,281.0,136.0,13.0,9.0,547.0,396.0,511.0,443.0,407.0,688.0,475.0,142.0,0.0,86.0,206.0,260.0,0.0,202.0,269.0,353.0,0.0,364.0,338.0,604.0,0.0,425.0,218.0,265.0,66.0,42.0,1345.0,73.0,462.0,7.0,6.0,856.0,52.0,1.0,273.0,19.0,0.0,0.0,3467.0
2021,PUNO,0.0,4.0,2.0,240.0,3.0,1.0,339.0,29.0,5.0,21.0,0.0,240.0,0.0,27.0,13.0,63.0,176.0,92.0,7.0,1.0,3.0,162.0,166.0,142.0,161.0,169.0,246.0,220.0,57.0,0.0,69.0,60.0,106.0,0.0,97.0,107.0,146.0,0.0,115.0,139.0,158.0,0.0,137.0,75.0,118.0,25.0,8.0,655.0,66.0,46.0,14.0,3.0,202.0,32.0,0.0,74.0,23.0,0.0,0.0,1266.0
2021,SAN MARTÍN,0.0,0.0,0.0,57.0,0.0,0.0,194.0,14.0,3.0,15.0,0.0,474.0,0.0,14.0,0.0,11.0,25.0,266.0,19.0,0.0,0.0,136.0,181.0,189.0,132.0,146.0,154.0,154.0,60.0,0.0,26.0,34.0,94.0,0.0,107.0,123.0,114.0,0.0,106.0,127.0,150.0,0.0,94.0,57.0,88.0,20.0,7.0,472.0,1.0,72.0,2.0,1.0,378.0,2.0,1.0,33.0,15.0,0.0,0.0,1092.0
2021,SETIEMBRE,0.0,0.0,0.0,0.0,0.0,0.0,0.0,0.0,0.0,0.0,0.0,0.0,0.0,0.0,0.0,0.0,0.0,0.0,0.0,0.0,0.0,0.0,0.0,0.0,0.0,0.0,0.0,0.0,0.0,0.0,0.0,0.0,0.0,0.0,0.0,0.0,0.0,0.0,0.0,0.0,0.0,0.0,0.0,0.0,0.0,0.0,0.0,0.0,0.0,0.0,0.0,0.0,0.0,0.0,0.0,0.0,0.0,615.0,54.0,0.0
2021,TACNA,0.0,5.0,0.0,74.0,0.0,0.0,88.0,9.0,0.0,9.0,0.0,340.0,0.0,20.0,11.0,68.0,69.0,72.0,11.0,3.0,1.0,64.0,122.0,100.0,112.0,128.0,128.0,126.0,9.0,0.0,7.0,35.0,70.0,0.0,84.0,80.0,87.0,0.0,102.0,98.0,100.0,0.0,68.0,40.0,79.0,5.0,2.0,483.0,1.0,47.0,0.0,1.0,100.0,14.0,1.0,30.0,17.0,0.0,0.0,780.0
2021,TOTAL,0.0,476.0,57.0,4897.0,117.0,238.0,20608.0,676.0,154.0,1301.0,0.0,21057.0,491.0,2472.0,1421.0,4034.0,3877.0,11040.0,1302.0,201.0,205.0,8765.0,10789.0,10058.0,9532.0,9977.0,13492.0,12011.0,2315.0,0.0,2044.0,3547.0,5969.0,0.0,7331.0,7451.0,7808.0,0.0,7976.0,8581.0,9528.0,0.0,7581.0,4493.0,7727.0,1398.0,1112.0,33607.0,1566.0,7249.0,303.0,127.0,12049.0,1321.0,193.0,6377.0,1595.0,6816.0,773.0,0.0
2021,TOTAL ANUAL,0.0,0.0,0.0,0.0,0.0,0.0,74624.0,0.0,0.0,0.0,0.0,0.0,0.0,0.0,0.0,0.0,0.0,0.0,0.0,0.0,0.0,0.0,0.0,74624.0,0.0,0.0,0.0,0.0,74624.0,0.0,0.0,0.0,0.0,0.0,0.0,0.0,0.0,0.0,0.0,0.0,0.0,0.0,0.0,0.0,74624.0,0.0,0.0,0.0,0.0,0.0,0.0,0.0,0.0,0.0,0.0,0.0,0.0,0.0,0.0,0.0
2021,TOTAL SINIESTROS DE TRÁNSITO,0.0,0.0,0.0,0.0,0.0,0.0,0.0,0.0,0.0,0.0,0.0,0.0,0.0,0.0,0.0,0.0,0.0,0.0,0.0,0.0,0.0,0.0,0.0,0.0,0.0,0.0,0.0,0.0,0.0,0.0,0.0,0.0,0.0,0.0,0.0,0.0,0.0,0.0,0.0,0.0,0.0,0.0,0.0,0.0,0.0,0.0,0.0,0.0,0.0,0.0,0.0,0.0,0.0,0.0,0.0,0.0,0.0,0.0,0.0,74624.0
2021,TUMBES,0.0,0.0,0.0,28.0,0.0,2.0,104.0,0.0,0.0,6.0,0.0,83.0,0.0,5.0,7.0,70.0,19.0,51.0,1.0,0.0,0.0,49.0,54.0,62.0,48.0,45.0,53.0,65.0,5.0,0.0,3.0,5.0,20.0,0.0,30.0,52.0,53.0,0.0,46.0,42.0,48.0,0.0,39.0,33.0,43.0,13.0,5.0,220.0,5.0,22.0,0.0,1.0,54.0,2.0,0.0,7.0,4.0,0.0,0.0,376.0
2021,UCAYALI,0.0,0.0,0.0,65.0,0.0,9.0,78.0,17.0,0.0,1.0,0.0,171.0,0.0,17.0,3.0,6.0,11.0,124.0,2.0,0.0,0.0,109.0,55.0,50.0,51.0,51.0,94.0,94.0,5.0,0.0,12.0,30.0,32.0,0.0,34.0,51.0,37.0,0.0,48.0,56.0,71.0,0.0,77.0,51.0,46.0,7.0,0.0,225.0,1.0,66.0,1.0,0.0,93.0,1.0,0.0,57.0,7.0,0.0,0.0,504.0
2022,ABRIL,0.0,0.0,0.0,0.0,0.0,0.0,0.0,0.0,0.0,0.0,0.0,0.0,0.0,0.0,0.0,0.0,0.0,0.0,0.0,0.0,0.0,0.0,0.0,0.0,0.0,0.0,0.0,0.0,0.0,0.0,0.0,0.0,0.0,0.0,0.0,0.0,0.0,0.0,0.0,0.0,0.0,0.0,0.0,0.0,0.0,0.0,0.0,0.0,0.0,0.0,0.0,0.0,0.0,0.0,0.0,0.0,0.0,461.0,53.0,0.0
2022,AGOSTO,0.0,0.0,0.0,0.0,0.0,0.0,0.0,0.0,0.0,0.0,0.0,0.0,0.0,0.0,0.0,0.0,0.0,0.0,0.0,0.0,0.0,0.0,0.0,0.0,0.0,0.0,0.0,0.0,0.0,0.0,0.0,0.0,0.0,0.0,0.0,0.0,0.0,0.0,0.0,0.0,0.0,0.0,0.0,0.0,0.0,0.0,0.0,0.0,0.0,0.0,0.0,0.0,0.0,0.0,0.0,0.0,0.0,529.0,45.0,0.0
2022,AMAZONAS,0.0,1.0,2.0,58.0,0.0,3.0,163.0,16.0,0.0,8.0,1.0,82.0,0.0,10.0,17.0,9.0,40.0,89.0,13.0,0.0,2.0,76.0,88.0,42.0,82.0,64.0,84.0,78.0,24.0,0.0,28.0,29.0,38.0,0.0,84.0,56.0,41.0,0.0,49.0,60.0,39.0,0.0,45.0,21.0,46.0,11.0,3.0,260.0,3.0,18.0,1.0,3.0,127.0,13.0,2.0,17.0,10.0,0.0,0.0,514.0
2022,ANCASH,0.0,7.0,1.0,166.0,6.0,6.0,422.0,20.0,0.0,14.0,46.0,328.0,3.0,53.0,39.0,186.0,318.0,725.0,103.0,9.0,1.0,299.0,335.0,313.0,311.0,328.0,465.0,402.0,104.0,0.0,137.0,184.0,203.0,0.0,196.0,209.0,222.0,0.0,224.0,254.0,288.0,0.0,245.0,187.0,295.0,34.0,15.0,1042.0,81.0,242.0,6.0,5.0,329.0,58.0,3.0,265.0,78.0,0.0,0.0,2453.0
2022,APURIMAC,0.0,0.0,1.0,60.0,0.0,0.0,253.0,16.0,0.0,10.0,0.0,161.0,3.0,15.0,8.0,99.0,81.0,140.0,12.0,0.0,1.0,159.0,122.0,81.0,90.0,112.0,182.0,114.0,24.0,0.0,27.0,58.0,72.0,0.0,76.0,114.0,90.0,0.0,89.0,116.0,85.0,0.0,77.0,32.0,130.0,14.0,3.0,369.0,6.0,24.0,5.0,0.0,163.0,66.0,0.0,24.0,56.0,0.0,0.0,860.0
2022,AREQUIPA,0.0,0.0,33.0,538.0,6.0,18.0,1483.0,46.0,0.0,50.0,4.0,1646.0,73.0,156.0,16.0,160.0,170.0,556.0,51.0,4.0,7.0,704.0,647.0,604.0,678.0,692.0,884.0,808.0,190.0,0.0,278.0,322.0,483.0,0.0,562.0,484.0,501.0,0.0,518.0,494.0,489.0,0.0,450.0,246.0,563.0,106.0,102.0,2637.0,38.0,440.0,0.0,10.0,497.0,96.0,3.0,379.0,146.0,0.0,0.0,5017.0
2022,AYACUCHO,0.0,0.0,0.0,49.0,0.0,10.0,125.0,5.0,0.0,1.0,0.0,109.0,11.0,26.0,1.0,0.0,2.0,97.0,18.0,0.0,0.0,40.0,77.0,60.0,66.0,70.0,72.0,69.0,15.0,0.0,31.0,32.0,50.0,0.0,37.0,40.0,39.0,0.0,30.0,42.0,54.0,0.0,41.0,43.0,61.0,18.0,4.0,184.0,4.0,59.0,1.0,0.0,42.0,36.0,0.0,20.0,25.0,0.0,0.0,454.0
2022,CAJAMARCA,0.0,0.0,0.0,112.0,0.0,10.0,738.0,37.0,0.0,27.0,10.0,392.0,6.0,135.0,15.0,104.0,62.0,434.0,23.0,1.0,2.0,260.0,347.0,266.0,225.0,306.0,374.0,330.0,49.0,0.0,136.0,193.0,204.0,0.0,167.0,149.0,180.0,0.0,275.0,163.0,220.0,0.0,167.0,205.0,236.0,26.0,21.0,838.0,46.0,150.0,5.0,19.0,400.0,59.0,2.0,182.0,124.0,0.0,0.0,2108.0
2022,CALLAO,0.0,12.0,0.0,99.0,12.0,0.0,949.0,4.0,0.0,25.0,12.0,658.0,48.0,81.0,6.0,55.0,273.0,453.0,13.0,20.0,3.0,290.0,399.0,411.0,330.0,390.0,491.0,412.0,76.0,0.0,96.0,128.0,205.0,0.0,343.0,224.0,289.0,0.0,305.0,251.0,372.0,0.0,254.0,180.0,320.0,38.0,27.0,1560.0,26.0,262.0,6.0,1.0,363.0,10.0,1.0,73.0,36.0,0.0,0.0,2723.0
2022,CUSCO,0.0,18.0,0.0,372.0,18.0,13.0,837.0,55.0,0.0,38.0,22.0,1034.0,42.0,168.0,72.0,216.0,193.0,198.0,50.0,10.0,9.0,407.0,474.0,510.0,382.0,455.0,533.0,604.0,167.0,0.0,142.0,195.0,279.0,0.0,345.0,327.0,322.0,0.0,345.0,463.0,334.0,0.0,304.0,142.0,664.0,71.0,89.0,1522.0,48.0,146.0,4.0,2.0,454.0,107.0,1.0,162.0,95.0,0.0,0.0,3365.0
2022,DICIEMBRE,0.0,0.0,0.0,0.0,0.0,0.0,0.0,0.0,0.0,0.0,0.0,0.0,0.0,0.0,0.0,0.0,0.0,0.0,0.0,0.0,0.0,0.0,0.0,0.0,0.0,0.0,0.0,0.0,0.0,0.0,0.0,0.0,0.0,0.0,0.0,0.0,0.0,0.0,0.0,0.0,0.0,0.0,0.0,0.0,0.0,0.0,0.0,0.0,0.0,0.0,0.0,0.0,0.0,0.0,0.0,0.0,0.0,501.0,56.0,0.0
2022,ENERO,0.0,0.0,0.0,0.0,0.0,0.0,0.0,0.0,0.0,0.0,0.0,0.0,0.0,0.0,0.0,0.0,0.0,0.0,0.0,0.0,0.0,0.0,0.0,0.0,0.0,0.0,0.0,0.0,0.0,0.0,0.0,0.0,0.0,0.0,0.0,0.0,0.0,0.0,0.0,0.0,0.0,0.0,0.0,0.0,0.0,0.0,0.0,0.0,0.0,0.0,0.0,0.0,0.0,0.0,0.0,0.0,0.0,666.0,48.0,0.0
2022,FEBRERO,0.0,0.0,0.0,0.0,0.0,0.0,0.0,0.0,0.0,0.0,0.0,0.0,0.0,0.0,0.0,0.0,0.0,0.0,0.0,0.0,0.0,0.0,0.0,0.0,0.0,0.0,0.0,0.0,0.0,0.0,0.0,0.0,0.0,0.0,0.0,0.0,0.0,0.0,0.0,0.0,0.0,0.0,0.0,0.0,0.0,0.0,0.0,0.0,0.0,0.0,0.0,0.0,0.0,0.0,0.0,0.0,0.0,732.0,71.0,0.0
2022,HUANCAVELICA,0.0,0.0,0.0,1.0,0.0,0.0,4.0,5.0,0.0,3.0,0.0,8.0,0.0,0.0,2.0,3.0,2.0,167.0,5.0,0.0,0.0,28.0,19.0,34.0,31.0,24.0,35.0,29.0,11.0,0.0,10.0,15.0,10.0,0.0,24.0,19.0,15.0,0.0,21.0,23.0,24.0,0.0,18.0,10.0,26.0,2.0,0.0,56.0,0.0,0.0,1.0,3.0,43.0,44.0,0.0,16.0,9.0,0.0,0.0,200.0
2022,HUÁNUCO,0.0,1.0,0.0,132.0,0.0,11.0,354.0,31.0,0.0,42.0,3.0,409.0,3.0,21.0,4.0,78.0,26.0,116.0,23.0,1.0,5.0,182.0,167.0,127.0,139.0,150.0,270.0,225.0,37.0,0.0,52.0,78.0,88.0,0.0,98.0,98.0,125.0,0.0,117.0,148.0,169.0,0.0,167.0,83.0,177.0,29.0,10.0,557.0,8.0,42.0,1.0,1.0,263.0,21.0,1.0,121.0,29.0,0.0,0.0,1260.0
2022,ICA,0.0,0.0,0.0,131.0,12.0,6.0,396.0,0.0,0.0,84.0,7.0,414.0,0.0,37.0,9.0,160.0,485.0,379.0,26.0,2.0,6.0,272.0,267.0,216.0,209.0,314.0,496.0,380.0,149.0,0.0,127.0,158.0,136.0,0.0,156.0,216.0,172.0,0.0,173.0,269.0,195.0,0.0,260.0,143.0,197.0,30.0,7.0,1041.0,12.0,195.0,5.0,1.0,295.0,22.0,0.0,324.0,25.0,0.0,0.0,2154.0
2022,JULIO,0.0,0.0,0.0,0.0,0.0,0.0,0.0,0.0,0.0,0.0,0.0,0.0,0.0,0.0,0.0,0.0,0.0,0.0,0.0,0.0,0.0,0.0,0.0,0.0,0.0,0.0,0.0,0.0,0.0,0.0,0.0,0.0,0.0,0.0,0.0,0.0,0.0,0.0,0.0,0.0,0.0,0.0,0.0,0.0,0.0,0.0,0.0,0.0,0.0,0.0,0.0,0.0,0.0,0.0,0.0,0.0,0.0,616.0,46.0,0.0
2022,JUNIN,0.0,3.0,0.0,349.0,4.0,5.0,1190.0,50.0,0.0,60.0,1.0,924.0,18.0,218.0,23.0,122.0,134.0,538.0,22.0,1.0,2.0,588.0,455.0,439.0,440.0,562.0,635.0,545.0,186.0,0.0,309.0,190.0,314.0,0.0,334.0,347.0,369.0,0.0,299.0,366.0,416.0,0.0,371.0,163.0,631.0,129.0,79.0,1634.0,103.0,191.0,10.0,2.0,666.0,41.0,0.0,115.0,63.0,0.0,0.0,3664.0
2022,JUNIO,0.0,0.0,0.0,0.0,0.0,0.0,0.0,0.0,0.0,0.0,0.0,0.0,0.0,0.0,0.0,0.0,0.0,0.0,0.0,0.0,0.0,0.0,0.0,0.0,0.0,0.0,0.0,0.0,0.0,0.0,0.0,0.0,0.0,0.0,0.0,0.0,0.0,0.0,0.0,0.0,0.0,0.0,0.0,0.0,0.0,0.0,0.0,0.0,0.0,0.0,0.0,0.0,0.0,0.0,0.0,0.0,0.0,559.0,48.0,0.0
2022,LA LIBERTAD,0.0,1.0,0.0,301.0,0.0,8.0,1213.0,40.0,0.0,63.0,8.0,1665.0,40.0,187.0,226.0,200.0,160.0,237.0,92.0,2.0,7.0,605.0,629.0,653.0,484.0,539.0,778.0,762.0,120.0,0.0,122.0,153.0,394.0,0.0,485.0,480.0,453.0,0.0,484.0,504.0,552.0,0.0,454.0,249.0,559.0,93.0,75.0,1762.0,173.0,427.0,61.0,8.0,783.0,95.0,4.0,331.0,79.0,0.0,0.0,4450.0
2022,LAMBAYEQUE,0.0,0.0,0.0,207.0,0.0,3.0,1388.0,7.0,0.0,12.0,6.0,754.0,10.0,65.0,26.0,152.0,66.0,385.0,35.0,1.0,20.0,478.0,442.0,359.0,423.0,376.0,576.0,483.0,86.0,0.0,136.0,226.0,289.0,0.0,255.0,257.0,339.0,0.0,263.0,363.0,418.0,0.0,328.0,177.0,338.0,69.0,13.0,1673.0,71.0,335.0,5.0,1.0,447.0,27.0,0.0,131.0,27.0,0.0,0.0,3137.0
2022,LIMA,0.0,459.0,60.0,2515.0,122.0,225.0,10185.0,180.0,0.0,546.0,57.0,12041.0,434.0,1362.0,1249.0,2031.0,1818.0,6959.0,638.0,104.0,126.0,5188.0,5859.0,5367.0,5180.0,5522.0,7151.0,6844.0,1409.0,0.0,1189.0,1881.0,3384.0,0.0,4222.0,4029.0,4110.0,0.0,3978.0,4523.0,5314.0,0.0,4273.0,2799.0,4504.0,923.0,968.0,17218.0,1091.0,5034.0,320.0,171.0,5151.0,336.0,65.0,4644.0,686.0,0.0,0.0,41111.0
2022,LORETO,0.0,0.0,0.0,21.0,2.0,0.0,37.0,3.0,0.0,2.0,0.0,66.0,0.0,4.0,2.0,0.0,0.0,24.0,5.0,0.0,0.0,26.0,23.0,26.0,18.0,24.0,29.0,20.0,5.0,0.0,9.0,5.0,13.0,0.0,14.0,21.0,14.0,0.0,22.0,8.0,25.0,0.0,17.0,13.0,23.0,7.0,0.0,79.0,2.0,21.0,0.0,0.0,19.0,1.0,0.0,10.0,4.0,0.0,0.0,166.0
2022,MADRE DE DIOS,0.0,0.0,0.0,100.0,1.0,0.0,344.0,24.0,0.0,31.0,10.0,140.0,5.0,27.0,0.0,3.0,8.0,35.0,8.0,5.0,1.0,134.0,70.0,55.0,48.0,62.0,192.0,181.0,25.0,0.0,26.0,33.0,52.0,0.0,57.0,83.0,94.0,0.0,76.0,60.0,105.0,0.0,82.0,49.0,34.0,1.0,6.0,402.0,10.0,14.0,6.0,0.0,128.0,16.0,5.0,114.0,6.0,0.0,0.0,742.0
2022,MARZO,0.0,0.0,0.0,0.0,0.0,0.0,0.0,0.0,0.0,0.0,0.0,0.0,0.0,0.0,0.0,0.0,0.0,0.0,0.0,0.0,0.0,0.0,0.0,0.0,0.0,0.0,0.0,0.0,0.0,0.0,0.0,0.0,0.0,0.0,0.0,0.0,0.0,0.0,0.0,0.0,0.0,0.0,0.0,0.0,0.0,0.0,0.0,0.0,0.0,0.0,0.0,0.0,0.0,0.0,0.0,0.0,0.0,656.0,64.0,0.0
2022,MAYO,0.0,0.0,0.0,0.0,0.0,0.0,0.0,0.0,0.0,0.0,0.0,0.0,0.0,0.0,0.0,0.0,0.0,0.0,0.0,0.0,0.0,0.0,0.0,0.0,0.0,0.0,0.0,0.0,0.0,0.0,0.0,0.0,0.0,0.0,0.0,0.0,0.0,0.0,0.0,0.0,0.0,0.0,0.0,0.0,0.0,0.0,0.0,0.0,0.0,0.0,0.0,0.0,0.0,0.0,0.0,0.0,0.0,502.0,77.0,0.0
2022,MOQUEGUA,0.0,4.0,0.0,85.0,1.0,4.0,95.0,6.0,0.0,20.0,0.0,227.0,11.0,15.0,19.0,39.0,60.0,55.0,14.0,0.0,2.0,86.0,80.0,82.0,79.0,87.0,141.0,102.0,30.0,0.0,31.0,62.0,64.0,0.0,54.0,79.0,51.0,0.0,72.0,62.0,62.0,0.0,41.0,49.0,46.0,10.0,8.0,310.0,6.0,48.0,0.0,2.0,110.0,33.0,0.0,57.0,27.0,0.0,0.0,657.0
2022,NOVIEMBRE,0.0,0.0,0.0,0.0,0.0,0.0,0.0,0.0,0.0,0.0,0.0,0.0,0.0,0.0,0.0,0.0,0.0,0.0,0.0,0.0,0.0,0.0,0.0,0.0,0.0,0.0,0.0,0.0,0.0,0.0,0.0,0.0,0.0,0.0,0.0,0.0,0.0,0.0,0.0,0.0,0.0,0.0,0.0,0.0,0.0,0.0,0.0,0.0,0.0,0.0,0.0,0.0,0.0,0.0,0.0,0.0,0.0,371.0,48.0,0.0
2022,OCTUBRE,0.0,0.0,0.0,0.0,0.0,0.0,0.0,0.0,0.0,0.0,0.0,0.0,0.0,0.0,0.0,0.0,0.0,0.0,0.0,0.0,0.0,0.0,0.0,0.0,0.0,0.0,0.0,0.0,0.0,0.0,0.0,0.0,0.0,0.0,0.0,0.0,0.0,0.0,0.0,0.0,0.0,0.0,0.0,0.0,0.0,0.0,0.0,0.0,0.0,0.0,0.0,0.0,0.0,0.0,0.0,0.0,0.0,463.0,45.0,0.0
2022,PASCO,0.0,1.0,0.0,36.0,1.0,0.0,83.0,10.0,0.0,12.0,0.0,55.0,0.0,1.0,1.0,1.0,15.0,96.0,10.0,4.0,1.0,40.0,45.0,40.0,29.0,43.0,69.0,61.0,9.0,0.0,18.0,13.0,29.0,0.0,24.0,32.0,40.0,0.0,43.0,46.0,33.0,0.0,25.0,15.0,25.0,9.0,1.0,148.0,1.0,19.0,0.0,2.0,70.0,13.0,0.0,32.0,7.0,0.0,0.0,327.0
2022,PIURA,0.0,3.0,0.0,440.0,6.0,3.0,1319.0,43.0,0.0,105.0,7.0,773.0,62.0,64.0,101.0,110.0,255.0,440.0,195.0,12.0,9.0,749.0,487.0,611.0,460.0,383.0,724.0,533.0,227.0,0.0,201.0,247.0,204.0,0.0,273.0,297.0,441.0,0.0,355.0,356.0,493.0,0.0,482.0,371.0,331.0,70.0,50.0,1512.0,28.0,625.0,6.0,25.0,949.0,36.0,0.0,289.0,26.0,0.0,0.0,3947.0
2022,PUNO,0.0,1.0,0.0,333.0,0.0,10.0,478.0,23.0,0.0,25.0,3.0,303.0,10.0,33.0,24.0,53.0,89.0,86.0,7.0,5.0,1.0,206.0,182.0,136.0,147.0,170.0,322.0,321.0,38.0,0.0,69.0,81.0,123.0,0.0,118.0,112.0,135.0,0.0,131.0,164.0,250.0,0.0,152.0,111.0,144.0,50.0,15.0,618.0,44.0,52.0,20.0,1.0,227.0,48.0,1.0,232.0,32.0,0.0,0.0,1484.0
2022,SAN MARTÍN,0.0,1.0,0.0,47.0,0.0,0.0,235.0,13.0,0.0,11.0,3.0,394.0,0.0,11.0,0.0,0.0,0.0,540.0,24.0,0.0,0.0,190.0,171.0,216.0,167.0,159.0,202.0,174.0,57.0,0.0,56.0,47.0,97.0,0.0,141.0,147.0,114.0,0.0,143.0,141.0,143.0,0.0,105.0,88.0,101.0,31.0,5.0,595.0,5.0,99.0,0.0,0.0,380.0,8.0,0.0,29.0,26.0,0.0,0.0,1279.0
2022,SETIEMBRE,0.0,0.0,0.0,0.0,0.0,0.0,0.0,0.0,0.0,0.0,0.0,0.0,0.0,0.0,0.0,0.0,0.0,0.0,0.0,0.0,0.0,0.0,0.0,0.0,0.0,0.0,0.0,0.0,0.0,0.0,0.0,0.0,0.0,0.0,0.0,0.0,0.0,0.0,0.0,0.0,0.0,0.0,0.0,0.0,0.0,0.0,0.0,0.0,0.0,0.0,0.0,0.0,0.0,0.0,0.0,0.0,0.0,316.0,50.0,0.0
2022,TACNA,0.0,6.0,0.0,76.0,1.0,1.0,122.0,1.0,0.0,16.0,1.0,374.0,2.0,21.0,4.0,61.0,35.0,215.0,10.0,0.0,1.0,108.0,132.0,132.0,122.0,138.0,151.0,164.0,24.0,0.0,30.0,44.0,95.0,0.0,113.0,89.0,98.0,0.0,132.0,101.0,109.0,0.0,82.0,30.0,134.0,8.0,14.0,540.0,1.0,65.0,0.0,0.0,118.0,19.0,1.0,36.0,11.0,0.0,0.0,947.0
2022,TOTAL,0.0,519.0,97.0,6325.0,195.0,340.0,22525.0,645.0,0.0,1215.0,206.0,23375.0,781.0,2724.0,1869.0,3910.0,4313.0,13054.0,1417.0,181.0,206.0,11257.0,11632.0,10915.0,10257.0,11074.0,14991.0,13771.0,3081.0,0.0,3281.0,4407.0,6884.0,0.0,8265.0,7985.0,8348.0,0.0,8235.0,9064.0,10328.0,0.0,8550.0,5469.0,9648.0,1807.0,1518.0,36966.0,1812.0,8640.0,464.0,257.0,12205.0,1207.0,89.0,7642.0,1642.0,6372.0,651.0,0.0
2022,TOTAL ANUAL,0.0,0.0,0.0,0.0,0.0,0.0,83897.0,0.0,0.0,0.0,0.0,0.0,0.0,0.0,0.0,0.0,0.0,0.0,0.0,0.0,0.0,0.0,0.0,83897.0,0.0,0.0,0.0,0.0,83897.0,0.0,0.0,0.0,0.0,0.0,0.0,0.0,0.0,0.0,0.0,0.0,0.0,0.0,0.0,0.0,83897.0,0.0,0.0,0.0,0.0,0.0,0.0,0.0,0.0,0.0,0.0,0.0,0.0,0.0,0.0,0.0
2022,TOTAL SINIESTROS DE TRÁNSITO,0.0,0.0,0.0,0.0,0.0,0.0,0.0,0.0,0.0,0.0,0.0,0.0,0.0,0.0,0.0,0.0,0.0,0.0,0.0,0.0,0.0,0.0,0.0,0.0,0.0,0.0,0.0,0.0,0.0,0.0,0.0,0.0,0.0,0.0,0.0,0.0,0.0,0.0,0.0,0.0,0.0,0.0,0.0,0.0,0.0,0.0,0.0,0.0,0.0,0.0,0.0,0.0,0.0,0.0,0.0,0.0,0.0,0.0,0.0,83897.0
2022,TUMBES,0.0,0.0,0.0,35.0,3.0,1.0,63.0,0.0,0.0,5.0,1.0,93.0,0.0,6.0,5.0,68.0,17.0,59.0,10.0,0.0,0.0,58.0,33.0,63.0,44.0,50.0,64.0,54.0,8.0,0.0,7.0,3.0,21.0,0.0,34.0,21.0,47.0,0.0,34.0,42.0,65.0,0.0,54.0,30.0,32.0,10.0,3.0,192.0,2.0,46.0,1.0,0.0,64.0,2.0,0.0,6.0,8.0,0.0,0.0,366.0
2022,UCAYALI,0.0,1.0,0.0,62.0,0.0,3.0,49.0,10.0,0.0,5.0,4.0,325.0,0.0,8.0,0.0,0.0,4.0,31.0,10.0,0.0,0.0,84.0,82.0,72.0,73.0,54.0,71.0,76.0,11.0,0.0,14.0,30.0,37.0,0.0,53.0,55.0,47.0,0.0,57.0,45.0,74.0,0.0,56.0,33.0,31.0,18.0,0.0,217.0,3.0,86.0,0.0,0.0,117.0,0.0,0.0,33.0,7.0,0.0,0.0,512.0
2023,AMAZONAS,0.0,1.0,1.0,53.0,1.0,1.0,126.0,12.0,0.0,21.0,2.0,147.0,2.0,3.0,10.0,20.0,22.0,65.0,25.0,0.0,2.0,87.0,61.0,66.0,70.0,71.0,75.0,84.0,17.0,0.0,13.0,31.0,36.0,0.0,66.0,47.0,59.0,0.0,49.0,65.0,67.0,0.0,45.0,19.0,34.0,17.0,3.0,251.0,1.0,27.0,0.0,0.0,157.0,6.0,0.0,4.0,14.0,0.0,0.0,514.0
2023,ANCASH,0.0,0.0,5.0,184.0,9.0,1.0,386.0,9.0,0.0,23.0,22.0,335.0,9.0,68.0,37.0,330.0,267.0,801.0,56.0,6.0,9.0,365.0,329.0,320.0,302.0,322.0,502.0,417.0,98.0,0.0,80.0,132.0,175.0,0.0,220.0,205.0,205.0,0.0,215.0,315.0,364.0,0.0,295.0,253.0,252.0,67.0,17.0,1188.0,96.0,248.0,4.0,1.0,353.0,39.0,2.0,215.0,75.0,0.0,0.0,2557.0
2023,APURIMAC,0.0,0.0,1.0,46.0,0.0,0.0,187.0,11.0,0.0,28.0,2.0,91.0,1.0,16.0,11.0,39.0,39.0,233.0,14.0,0.0,1.0,104.0,75.0,62.0,48.0,79.0,215.0,137.0,21.0,0.0,37.0,48.0,49.0,0.0,74.0,95.0,57.0,0.0,73.0,78.0,71.0,0.0,54.0,63.0,123.0,5.0,8.0,317.0,5.0,30.0,1.0,0.0,118.0,24.0,1.0,49.0,39.0,0.0,0.0,720.0
2023,AREQUIPA,0.0,0.0,73.0,555.0,6.0,25.0,1253.0,21.0,0.0,59.0,10.0,1722.0,106.0,210.0,21.0,225.0,276.0,506.0,52.0,20.0,54.0,748.0,640.0,629.0,580.0,764.0,1010.0,823.0,211.0,0.0,314.0,331.0,486.0,0.0,469.0,494.0,509.0,0.0,484.0,498.0,468.0,0.0,616.0,314.0,627.0,130.0,107.0,2672.0,51.0,346.0,5.0,24.0,527.0,140.0,2.0,442.0,121.0,0.0,0.0,5194.0
2023,AYACUCHO,0.0,0.0,0.0,49.0,0.0,12.0,120.0,5.0,0.0,0.0,1.0,56.0,12.0,25.0,3.0,1.0,7.0,111.0,13.0,0.0,0.0,36.0,78.0,47.0,59.0,62.0,58.0,75.0,3.0,0.0,15.0,29.0,54.0,0.0,36.0,42.0,35.0,0.0,34.0,41.0,52.0,0.0,39.0,35.0,53.0,13.0,0.0,158.0,0.0,55.0,0.0,0.0,76.0,40.0,0.0,12.0,8.0,0.0,0.0,415.0
2023,CAJAMARCA,0.0,0.0,0.0,212.0,1.0,2.0,603.0,49.0,0.0,25.0,1.0,506.0,4.0,37.0,7.0,160.0,88.0,363.0,34.0,0.0,0.0,318.0,259.0,306.0,219.0,244.0,376.0,370.0,99.0,0.0,143.0,147.0,175.0,0.0,172.0,293.0,170.0,0.0,197.0,206.0,181.0,0.0,178.0,131.0,247.0,36.0,43.0,835.0,25.0,72.0,2.0,5.0,454.0,46.0,1.0,159.0,167.0,0.0,0.0,2092.0
2023,CALLAO,0.0,71.0,5.0,67.0,2.0,0.0,998.0,0.0,0.0,7.0,0.0,845.0,0.0,72.0,2.0,29.0,354.0,583.0,2.0,0.0,8.0,363.0,432.0,450.0,397.0,407.0,535.0,461.0,120.0,0.0,113.0,191.0,308.0,0.0,385.0,267.0,300.0,0.0,322.0,254.0,319.0,0.0,280.0,186.0,276.0,45.0,35.0,1810.0,15.0,322.0,6.0,0.0,374.0,23.0,0.0,122.0,17.0,0.0,0.0,3045.0
2023,CUSCO,0.0,12.0,1.0,225.0,16.0,3.0,750.0,32.0,0.0,43.0,3.0,945.0,25.0,234.0,43.0,244.0,267.0,350.0,37.0,3.0,1.0,401.0,445.0,393.0,402.0,423.0,568.0,602.0,90.0,0.0,117.0,172.0,354.0,0.0,328.0,320.0,353.0,0.0,354.0,331.0,419.0,0.0,282.0,114.0,834.0,82.0,96.0,1391.0,25.0,137.0,3.0,1.0,389.0,90.0,1.0,101.0,84.0,0.0,0.0,3234.0
2023,HUANCAVELICA,0.0,0.0,0.0,22.0,0.0,0.0,19.0,11.0,0.0,0.0,0.0,0.0,0.0,0.0,0.0,1.0,2.0,164.0,1.0,0.0,0.0,32.0,24.0,23.0,31.0,41.0,47.0,22.0,17.0,0.0,24.0,8.0,20.0,0.0,18.0,20.0,14.0,0.0,23.0,18.0,22.0,0.0,25.0,11.0,31.0,1.0,0.0,67.0,1.0,0.0,4.0,1.0,51.0,51.0,0.0,4.0,9.0,0.0,0.0,220.0
2023,HUÁNUCO,0.0,2.0,0.0,219.0,0.0,0.0,319.0,57.0,0.0,7.0,1.0,390.0,0.0,12.0,13.0,73.0,92.0,86.0,15.0,1.0,3.0,174.0,165.0,166.0,152.0,180.0,234.0,219.0,41.0,0.0,66.0,85.0,99.0,0.0,132.0,90.0,138.0,0.0,134.0,136.0,141.0,0.0,137.0,91.0,241.0,32.0,15.0,545.0,21.0,67.0,2.0,7.0,247.0,36.0,7.0,45.0,25.0,0.0,0.0,1290.0
2023,ICA,0.0,13.0,1.0,163.0,5.0,3.0,340.0,5.0,0.0,10.0,4.0,433.0,2.0,45.0,11.0,148.0,638.0,296.0,10.0,9.0,18.0,338.0,219.0,289.0,241.0,228.0,493.0,346.0,112.0,0.0,141.0,213.0,178.0,0.0,234.0,169.0,138.0,0.0,159.0,164.0,292.0,0.0,168.0,186.0,197.0,33.0,10.0,1180.0,20.0,212.0,6.0,1.0,259.0,10.0,3.0,182.0,41.0,0.0,0.0,2154.0
2023,JUNIN,0.0,0.0,0.0,487.0,10.0,3.0,1089.0,43.0,0.0,104.0,2.0,1124.0,15.0,193.0,21.0,17.0,113.0,542.0,35.0,1.0,5.0,580.0,543.0,449.0,430.0,524.0,686.0,592.0,241.0,0.0,370.0,272.0,327.0,0.0,312.0,344.0,339.0,0.0,319.0,318.0,426.0,0.0,332.0,204.0,683.0,162.0,78.0,1757.0,41.0,179.0,7.0,11.0,683.0,36.0,0.0,118.0,49.0,0.0,0.0,3804.0
2023,LA LIBERTAD,0.0,35.0,0.0,215.0,8.0,4.0,1174.0,17.0,0.0,46.0,11.0,1416.0,11.0,88.0,408.0,241.0,119.0,219.0,103.0,23.0,12.0,502.0,601.0,539.0,524.0,524.0,762.0,698.0,159.0,0.0,202.0,234.0,454.0,0.0,390.0,387.0,359.0,0.0,330.0,449.0,472.0,0.0,457.0,257.0,411.0,89.0,57.0,1698.0,58.0,469.0,5.0,0.0,728.0,88.0,4.0,474.0,69.0,0.0,0.0,4150.0
2023,LAMBAYEQUE,0.0,0.0,0.0,226.0,0.0,3.0,1010.0,2.0,0.0,21.0,4.0,720.0,10.0,42.0,6.0,68.0,612.0,219.0,21.0,0.0,4.0,527.0,352.0,366.0,393.0,364.0,556.0,410.0,120.0,0.0,134.0,210.0,258.0,0.0,281.0,264.0,270.0,0.0,242.0,322.0,300.0,0.0,340.0,227.0,355.0,81.0,14.0,1510.0,20.0,342.0,0.0,5.0,434.0,15.0,1.0,149.0,42.0,0.0,0.0,2968.0
2023,LIMA,0.0,663.0,69.0,2359.0,141.0,115.0,12505.0,257.0,0.0,556.0,66.0,13210.0,440.0,1390.0,1530.0,2447.0,1592.0,6910.0,563.0,54.0,128.0,5976.0,6369.0,6083.0,5742.0,6210.0,7474.0,7141.0,1891.0,0.0,1575.0,2491.0,3883.0,0.0,4538.0,4167.0,4422.0,0.0,4308.0,4708.0,5609.0,0.0,4240.0,3163.0,4936.0,1170.0,1047.0,19381.0,1105.0,6119.0,81.0,30.0,5542.0,286.0,44.0,4445.0,809.0,0.0,0.0,44995.0
2023,LORETO,0.0,0.0,0.0,26.0,0.0,0.0,69.0,0.0,0.0,0.0,0.0,117.0,0.0,1.0,0.0,0.0,0.0,19.0,0.0,0.0,0.0,34.0,32.0,39.0,33.0,16.0,44.0,34.0,11.0,0.0,16.0,10.0,8.0,0.0,26.0,32.0,21.0,0.0,25.0,19.0,27.0,0.0,23.0,14.0,39.0,3.0,2.0,103.0,1.0,21.0,0.0,0.0,45.0,0.0,0.0,10.0,8.0,0.0,0.0,232.0
2023,MADRE DE DIOS,0.0,2.0,0.0,82.0,1.0,0.0,135.0,15.0,0.0,7.0,0.0,129.0,1.0,5.0,0.0,9.0,0.0,59.0,10.0,7.0,0.0,82.0,40.0,26.0,47.0,64.0,123.0,80.0,23.0,0.0,41.0,19.0,34.0,0.0,22.0,39.0,55.0,0.0,55.0,56.0,33.0,0.0,51.0,34.0,28.0,2.0,5.0,326.0,2.0,4.0,2.0,1.0,64.0,11.0,1.0,7.0,9.0,0.0,0.0,462.0
2023,MOQUEGUA,0.0,5.0,1.0,63.0,4.0,8.0,139.0,20.0,0.0,28.0,10.0,147.0,4.0,30.0,18.0,26.0,84.0,141.0,15.0,6.0,5.0,122.0,91.0,97.0,79.0,92.0,170.0,103.0,35.0,0.0,39.0,54.0,81.0,0.0,92.0,75.0,59.0,0.0,64.0,57.0,75.0,0.0,63.0,60.0,79.0,23.0,8.0,268.0,4.0,50.0,0.0,0.0,109.0,32.0,0.0,174.0,7.0,0.0,0.0,754.0
2023,PASCO,0.0,0.0,0.0,29.0,0.0,0.0,59.0,6.0,0.0,5.0,0.0,45.0,0.0,3.0,2.0,6.0,16.0,126.0,6.0,1.0,0.0,61.0,41.0,35.0,31.0,29.0,62.0,45.0,15.0,0.0,28.0,23.0,23.0,0.0,21.0,23.0,28.0,0.0,28.0,31.0,31.0,0.0,33.0,20.0,23.0,7.0,0.0,119.0,0.0,23.0,1.0,2.0,67.0,8.0,1.0,44.0,9.0,0.0,0.0,304.0
2023,PIURA,0.0,3.0,1.0,444.0,2.0,2.0,1095.0,44.0,0.0,28.0,5.0,579.0,7.0,38.0,55.0,130.0,271.0,497.0,133.0,26.0,7.0,638.0,417.0,478.0,371.0,319.0,658.0,486.0,239.0,0.0,195.0,234.0,225.0,0.0,243.0,174.0,350.0,0.0,316.0,294.0,436.0,0.0,361.0,300.0,380.0,51.0,29.0,1271.0,16.0,460.0,4.0,0.0,768.0,48.0,2.0,297.0,41.0,0.0,0.0,3367.0
2023,PUNO,0.0,1.0,0.0,181.0,10.0,3.0,271.0,9.0,0.0,32.0,5.0,252.0,8.0,27.0,25.0,35.0,128.0,187.0,18.0,3.0,1.0,181.0,151.0,147.0,126.0,113.0,245.0,233.0,34.0,0.0,57.0,93.0,93.0,0.0,89.0,115.0,84.0,0.0,97.0,85.0,202.0,0.0,139.0,108.0,168.0,47.0,14.0,424.0,38.0,89.0,18.0,6.0,216.0,22.0,1.0,139.0,14.0,0.0,0.0,1196.0
2023,SAN MARTÍN,0.0,1.0,0.0,82.0,2.0,2.0,176.0,20.0,0.0,16.0,10.0,418.0,3.0,32.0,1.0,75.0,174.0,476.0,22.0,0.0,0.0,246.0,206.0,180.0,181.0,184.0,305.0,208.0,85.0,0.0,98.0,82.0,132.0,0.0,152.0,130.0,143.0,0.0,108.0,163.0,156.0,0.0,145.0,116.0,127.0,31.0,6.0,665.0,1.0,136.0,0.0,0.0,476.0,3.0,1.0,45.0,19.0,0.0,0.0,1510.0
2023,TACNA,0.0,5.0,0.0,87.0,1.0,0.0,70.0,2.0,0.0,10.0,0.0,405.0,1.0,19.0,6.0,66.0,292.0,61.0,12.0,0.0,0.0,133.0,152.0,123.0,149.0,153.0,169.0,158.0,44.0,0.0,35.0,54.0,108.0,0.0,119.0,92.0,111.0,0.0,101.0,134.0,98.0,0.0,86.0,55.0,146.0,22.0,12.0,552.0,3.0,56.0,0.0,0.0,144.0,16.0,1.0,69.0,16.0,0.0,0.0,1037.0
2023,TOTAL,0.0,814.0,158.0,6144.0,221.0,187.0,22996.0,647.0,0.0,1084.0,159.0,24513.0,661.0,2599.0,2231.0,4452.0,5470.0,13112.0,1217.0,160.0,258.0,12177.0,11849.0,11421.0,10732.0,11528.0,15506.0,13870.0,3754.0,0.0,3877.0,5200.0,7626.0,0.0,8523.0,7973.0,8310.0,0.0,8111.0,8826.0,10387.0,0.0,8467.0,6029.0,10360.0,2167.0,1607.0,38865.0,1556.0,9594.0,151.0,95.0,12465.0,1074.0,73.0,7370.0,1706.0,0.0,0.0,0.0
2023,TOTAL ANUAL,0.0,0.0,0.0,0.0,0.0,0.0,87083.0,0.0,0.0,0.0,0.0,0.0,0.0,0.0,0.0,0.0,0.0,0.0,0.0,0.0,0.0,0.0,0.0,87083.0,0.0,0.0,0.0,0.0,87083.0,0.0,0.0,0.0,0.0,0.0,0.0,0.0,0.0,0.0,0.0,0.0,0.0,0.0,0.0,0.0,87083.0,0.0,0.0,0.0,0.0,0.0,0.0,0.0,0.0,0.0,0.0,0.0,0.0,0.0,0.0,0.0
2023,TOTAL SINIESTROS DE TRÁNSITO,0.0,0.0,0.0,0.0,0.0,0.0,0.0,0.0,0.0,0.0,0.0,0.0,0.0,0.0,0.0,0.0,0.0,0.0,0.0,0.0,0.0,0.0,0.0,0.0,0.0,0.0,0.0,0.0,0.0,0.0,0.0,0.0,0.0,0.0,0.0,0.0,0.0,0.0,0.0,0.0,0.0,0.0,0.0,0.0,0.0,0.0,0.0,0.0,0.0,0.0,0.0,0.0,0.0,0.0,0.0,0.0,0.0,0.0,0.0,87083.0
2023,TUMBES,0.0,0.0,0.0,19.0,2.0,0.0,51.0,0.0,0.0,6.0,0.0,78.0,0.0,4.0,1.0,61.0,15.0,61.0,5.0,0.0,0.0,42.0,43.0,46.0,45.0,37.0,43.0,47.0,14.0,0.0,8.0,10.0,19.0,0.0,32.0,37.0,32.0,0.0,30.0,25.0,45.0,0.0,28.0,23.0,35.0,11.0,1.0,123.0,6.0,48.0,0.0,0.0,58.0,4.0,0.0,11.0,6.0,0.0,0.0,303.0
2023,UCAYALI,0.0,0.0,0.0,49.0,0.0,0.0,52.0,0.0,0.0,2.0,0.0,403.0,0.0,5.0,0.0,1.0,2.0,37.0,15.0,0.0,0.0,87.0,84.0,62.0,80.0,78.0,96.0,79.0,14.0,0.0,16.0,27.0,47.0,0.0,72.0,52.0,59.0,0.0,44.0,59.0,81.0,0.0,50.0,45.0,35.0,7.0,0.0,254.0,1.0,82.0,0.0,0.0,126.0,0.0,0.0,53.0,8.0,0.0,0.0,566.0
